artist,song,hit
Drake,7am on Bridle Path,1
Ed Sheeran,I Don’t Care,1
Morgan Wallen,Had It,1
Drake,Make Them Cry,1
Taylor Swift,this is me trying,1
Drake,Views,1
Ariana Grande,Love Me Harder,1
Drake,Look What You’ve Done,0
Ed Sheeran,Salt Water,0
Ariana Grande,petal,1
Ed Sheeran,Borderline,0
Jason Aldean,Your Mama,0
Drake,Broke Boys,1
Luke Bryan,Praying by the Rules,0
Jason Aldean,Lights Come On,1
Ed Sheeran,Symmetry,0
Taylor Swift,invisible string,1
Drake,TSU,1
Taylor Swift,Red,1
Drake,Weston Road Flows,1
Luke Bryan,You Don’t Know Jack,0
Drake,Cheetah Print,1
Morgan Wallen,Neon Eyes,1
Taylor Swift,Honey,1
Luke Bryan,Home Alone Tonight,1
Luke Bryan,Muckalee Creek Water,0
Ed Sheeran,Wake Me Up,0
Drake,SOMETHING ABOUT YOU,1
Drake,Thank Me Now,0
Morgan Wallen,’98 Braves,1
Morgan Wallen,Outlaw,1
Drake,Miss Me,1
Jason Aldean,Walking Away,0
Jason Aldean,Dust on the Bottle,0
Drake,Peak,1
Taylor Swift,It’s Nice to Have a Friend,1
Drake,Tuscan Leather,1
Taylor Swift,Breathe,1
Ariana Grande,Break Free,1
Ariana Grande,six thirty,1
Morgan Wallen,Wine Into Water,1
Morgan Wallen,Keith Whitley,1
Drake,"Hold On, We’re Going Home",1
Ed Sheeran,Be Right Now,0
Ariana Grande,Side to Side,1
Taylor Swift,The Fate of Ophelia,1
Ariana Grande,Just a Little Bit of Your Heart,0
Morgan Wallen,Whatcha Know ’Bout That,0
Taylor Swift,Cold as You,0
Ed Sheeran,For Always,0
Taylor Swift,Vigilante Shit,1
Taylor Swift,Better Than Revenge,1
Jason Aldean,Girl Like You,1
Luke Bryan,Drinking Again,0
Jason Aldean,Good to Go,0
Drake,N 2 Deep,1
Ed Sheeran,Slowly,0
Drake,Nonstop,1
Taylor Swift,Karma,1
Taylor Swift,Sad Beautiful Tragic,0
Luke Bryan,Dirt Road Diary,0
Jason Aldean,Easier Gone,0
Taylor Swift,Stay Stay Stay,1
Taylor Swift,Change,1
Drake,Fireworks,1
Jason Aldean,Just Gettin’ Started,1
Jason Aldean,Whiskey Me Away,0
Taylor Swift,coney island,1
Drake,Don’t Matter to Me,1
Luke Bryan,All My Friends Say,1
Luke Bryan,We Rode in Trucks,0
Luke Bryan,I’m on a Tractor,0
Luke Bryan,Faded Away,0
Taylor Swift,Blank Space,1
Drake,More M’s,1
Taylor Swift,hoax,1
Ed Sheeran,Take Me Back to London,0
Drake,Slime You Out,1
Ed Sheeran,Feels,0
Jason Aldean,Champagne Town,0
Jason Aldean,She Loved Me,0
Taylor Swift,Bejeweled,1
Drake,The Resistance,0
Luke Bryan,Someone Else Calling You Baby,1
Ariana Grande,obvious,1
Jason Aldean,From This Beer On,0
Drake,Middle of the Ocean,1
Ariana Grande,nasty,1
Jason Aldean,Got What I Got,1
Jason Aldean,Church Pew or Bar Stool,0
Drake,Massive,1
Taylor Swift,Never Grow Up,1
Morgan Wallen,Money on Me,1
Ariana Grande,true story,1
Drake,Calling My Name,1
Ed Sheeran,Collide,0
Jason Aldean,On My Highway,0
Taylor Swift,A Place in This World,0
Taylor Swift,marjorie,1
Luke Bryan,Finders Keepers,1
Luke Bryan,Hungover in a Hotel Room,0
Taylor Swift,dorothea,1
Ed Sheeran,Don’t,1
Drake,Find Your Love,1
Morgan Wallen,Wasted on You,1
Jason Aldean,Good Thing Going,0
Morgan Wallen,Everything I Love,1
Morgan Wallen,Nothin’ Left,1
Jason Aldean,If She Could See Me Now,0
Morgan Wallen,Redneck Love Song,0
Ed Sheeran,Small Bump,0
Jason Aldean,Miss That Girl,0
Taylor Swift,Back to December,1
Ariana Grande,motive,1
Ed Sheeran,Perfect,1
Taylor Swift,The Last Time,0
Drake,Up All Night,1
Luke Bryan,Out Like That,0
Ed Sheeran,Camera,1
Taylor Swift,august,1
Drake,Make Them Know,1
Taylor Swift,Fearless,1
Luke Bryan,Kick the Dust Up,1
Luke Bryan,Drink a Beer,1
Taylor Swift,King of My Heart,0
Ariana Grande,Dangerous Woman,1
Taylor Swift,You Belong With Me,1
Ariana Grande,"nowhere, nobody",1
Ed Sheeran,Boat,0
Ed Sheeran,Galway Girl,1
Ariana Grande,Piano,0
Jason Aldean,Camouflage Hat,0
Jason Aldean,I Break Everything I Touch,0
Luke Bryan,I Liked Loving You,0
Jason Aldean,Two Night Town,1
Jason Aldean,I Don’t Do Lonely Well,0
Jason Aldean,First Time Again,0
Morgan Wallen,Me on Whiskey,0
Ed Sheeran,Shape of You,1
Taylor Swift,Wood,1
Morgan Wallen,Tennessee Fan,1
Jason Aldean,Whiskey Drink,1
Ariana Grande,the boy is mine,1
Jason Aldean,Take a Little Ride,1
Drake,Calling for You,1
Luke Bryan,Country Girl (Shake It for Me),1
Jason Aldean,Came Here to Drink,0
Morgan Wallen,I Wrote the Book,1
Drake,Jimmy Cooks,1
Morgan Wallen,Thought You Should Know,1
Luke Bryan,We Run This Town,0
Drake,U With Me?,1
Morgan Wallen,Born With a Beer in My Hand,1
Ed Sheeran,The A Team,1
Jason Aldean,Ain’t Enough Cowboy,0
Jason Aldean,I’m Over You,0
Taylor Swift,Bad Blood,1
Taylor Swift,New Year’s Day,0
Jason Aldean,Night Train,1
Jason Aldean,The Truth,1
Taylor Swift,Stay Beautiful,0
Drake,SPIDER-MAN SUPERMAN,1
Ariana Grande,Almost Is Never Enough,1
Morgan Wallen,Sand in My Boots,1
Ed Sheeran,BLOW,1
Jason Aldean,That’s What Tequila Does,1
Drake,Outside Tweaking,1
Jason Aldean,She’s Country,1
Ed Sheeran,Nothing on You,0
Jason Aldean,The Way a Night Should Feel,0
Morgan Wallen,Not Good at Not,0
Taylor Swift,The Archer,1
Drake,Redemption,1
Morgan Wallen,Up Down,1
Drake,From Time,1
Taylor Swift,Out of the Woods,1
Taylor Swift,So It Goes…,0
Taylor Swift,This Love,0
Ariana Grande,make up,1
Ariana Grande,Popular Song,1
Ed Sheeran,The Man,0
Ed Sheeran,Thinking Out Loud,1
Taylor Swift,Afterglow,1
Morgan Wallen,Whiskey’d My Way,1
Luke Bryan,I’ll Stay Me,0
Ariana Grande,"thank u, next",1
Drake,Lord Knows,0
Ariana Grande,imperfect for you,1
Drake,Fountains,1
Drake,Get Along Better,1
Taylor Swift,Elizabeth Taylor,1
Drake,Rusty Intro,1
Drake,Shot for Me,1
Morgan Wallen,Missing,1
Ariana Grande,Why Try,0
Drake,Practice,0
Drake,Ran to Atlanta,1
Jason Aldean,A Little More Summertime,1
Morgan Wallen,Love Somebody,1
Taylor Swift,This Is Why We Can’t Have Nice Things,0
Morgan Wallen,7 Summers,1
Drake,First Person Shooter,1
Ed Sheeran,The Vow,0
Taylor Swift,long story short,1
Jason Aldean,Days Like These,0
Ed Sheeran,Give Me Love / The Parting Glass,0
Ed Sheeran,Don’t Look Down,0
Drake,Faithful,1
Drake,Own It,1
Taylor Swift,"You’re on Your Own, Kid",1
Drake,Treacherous Twins,1
Drake,Show Me a Good Time,0
Ariana Grande,Into You,1
Drake,Overdrive,1
Drake,Is There More,1
Drake,Classic,1
Morgan Wallen,More Than My Hometown,1
Morgan Wallen,Don’t We,1
Jason Aldean,Show You Off,0
Jason Aldean,After You,0
Morgan Wallen,Where’d That Girl Go,1
Luke Bryan,Apologize,0
Morgan Wallen,Just in Case,1
Taylor Swift,exile,1
Drake,SMALL TOWN FAME,1
Luke Bryan,Country On,1
Luke Bryan,Fish on the Wall,0
Jason Aldean,You Make It Easy,1
Jason Aldean,I Use What I Got,0
Ariana Grande,Be My Baby,0
Ed Sheeran,Dusty,0
Ariana Grande,borderline,0
Drake,Champagne Poetry,1
Drake,Ratchet Happy Birthday,1
Morgan Wallen,"Rednecks, Red Letters, Red Dirt",0
Ariana Grande,bloodline,1
Morgan Wallen,Neon Star (Country Boy Lullaby),1
Morgan Wallen,Country A$$ Shit,0
Morgan Wallen,The Dealer,1
Ed Sheeran,Tenerife Sea,0
Luke Bryan,Strip It Down,1
Jason Aldean,Grown Woman,0
Jason Aldean,I Took It With Me,0
Drake,Texts Go Green,1
Ed Sheeran,In Other Words,0
Jason Aldean,They Don’t Know,1
Drake,8am in Charlotte,1
Drake,Make Me Proud,1
Luke Bryan,"Sunrise, Sunburn, Sunset",1
Drake,BRIAN STEEL,1
Jason Aldean,Help You Remember,0
Ariana Grande,we can’t be friends (wait for your love),1
Jason Aldean,It Ain’t Easy,0
Jason Aldean,Love Me or Don’t,0
Morgan Wallen,Dangerous,1
Jason Aldean,Wide Open,0
Drake,9,1
Jason Aldean,I Ain’t Ready to Quit,0
Morgan Wallen,Wonderin’ Bout the Wind,1
Jason Aldean,Whose Rearview,0
Luke Bryan,Pick It Up,0
Drake,MOTH BALLS,1
Drake,Controlla,1
Taylor Swift,Mary’s Song (Oh My My My),0
Taylor Swift,Last Kiss,1
Ed Sheeran,Bad Habits,1
Taylor Swift,I Can Fix Him (No Really I Can),1
Taylor Swift,Our Song,1
Luke Bryan,Good Directions,0
Drake,Intro,0
Drake,Make Them Remember,1
Drake,White Bone,1
Luke Bryan,I Don’t Want This Night to End,1
Jason Aldean,In Case You Don’t Remember,0
Taylor Swift,Enchanted,1
Taylor Swift,Ruin the Friendship,1
Drake,Unforgettable,0
Jason Aldean,Don’t Tell on Me,1
Ed Sheeran,Bloodstream,0
Jason Aldean,Ride All Night,0
Drake,Which One,1
Drake,Hurrr Nor Thurrr,1
Drake,Gen 5,1
Taylor Swift,End Game,1
Drake,Final Fantasy,1
Morgan Wallen,F150-50,1
Drake,Pound Cake / Paris Morton Music 2,1
Morgan Wallen,Beer Don’t,0
Taylor Swift,Speak Now,1
Jason Aldean,Heaven,0
Ariana Grande,no tears left to cry,1
Taylor Swift,Innocent,1
Drake,WNBA,1
Ariana Grande,My Everything,0
Morgan Wallen,One Thing at a Time,1
Ed Sheeran,Eyes Closed,1
Luke Bryan,Baby’s on the Way,0
Drake,Flight’s Booked,1
Ed Sheeran,Supermarket Flowers,1
Drake,All Me,1
Jason Aldean,This I Gotta See,0
Luke Bryan,That’s My Kind of Night,1
Drake,Virginia Beach,1
Luke Bryan,Welcome to the Farm,0
Ed Sheeran,Life Goes On,1
Luke Bryan,Fish Hunt Golf Drink,0
Taylor Swift,Getaway Car,0
Ariana Grande,pov,1
Taylor Swift,seven,1
Jason Aldean,Some Things You Don’t Forget,0
Luke Bryan,Too Damn Young,0
Jason Aldean,Love Was Easy,0
Morgan Wallen,Come Back as a Redneck,1
Ariana Grande,imagine,1
Ariana Grande,bad idea,1
Taylor Swift,Wildest Dreams,1
Ariana Grande,supernatural,1
Taylor Swift,You’re Not Sorry,1
Jason Aldean,Tattoos and Tequila,0
Jason Aldean,Set It Off,0
Ariana Grande,the light is coming,1
Taylor Swift,We Are Never Ever Getting Back Together,1
Drake,GIMME A HUG,1
Drake,We’ll Be Fine,1
Drake,Bahamas Promises,1
Morgan Wallen,Had Me by Halftime,0
Taylor Swift,ME!,1
Ed Sheeran,Nina,0
Luke Bryan,Drinkin’ Beer and Wastin’ Bullets,0
Drake,Drew a Picasso,1
Drake,Jumbotron Shit Poppin,1
Taylor Swift,I Knew You Were Trouble.,1
Luke Bryan,She’s Still Got It,0
Taylor Swift,mad woman,1
Jason Aldean,Who’s Kissing You Tonight,0
Ed Sheeran,A Little More,0
Ariana Grande,R.E.M,1
Taylor Swift,Daylight,1
Morgan Wallen,Man Made a Bar,1
Morgan Wallen,Warning,1
Drake,Fire & Desire,1
Jason Aldean,Just Passing Through,0
Drake,One Dance,1
Luke Bryan,Most People Are Gone,0
Drake,LASERS,1
Jason Aldean,Drinking About You,0
Ariana Grande,like i do,1
Morgan Wallen,Your Bartender,1
Jason Aldean,If I Didn’t Love You,1
Jason Aldean,Drowns the Whiskey,1
Jason Aldean,I Don’t Drink Anymore,0
Ed Sheeran,Hearts Don’t Break Around Here,1
Luke Bryan,Hooked on It,0
Morgan Wallen,Good Girl Gone Missin’,1
Ed Sheeran,What Do I Know?,1
Morgan Wallen,Number 3 and Number 7,1
Ariana Grande,You’ll Never Know,0
Taylor Swift,You Need to Calm Down,1
Drake,NOKIA,1
Luke Bryan,Scarecrows,0
Taylor Swift,Lavender Haze,1
Drake,Down Hill,1
Jason Aldean,If My Truck Could Talk,0
Taylor Swift,Treacherous,0
Taylor Swift,White Horse,1
Ed Sheeran,Eraser,1
Taylor Swift,Father Figure,1
Drake,Way 2 Sexy,1
Jason Aldean,Tattoos on This Town,1
Luke Bryan,Razor Blade,0
Drake,Amen,1
Jason Aldean,You’re the Love I Wanna Be In,0
Drake,Pipe Down,1
Morgan Wallen,Last Drive Down Main,1
Ariana Grande,Tattooed Heart,0
Jason Aldean,Laid Back,0
Luke Bryan,Mind of a Country Boy,0
Jason Aldean,Hicktown,1
Luke Bryan,You Make Me Want To,0
Jason Aldean,Johnny Cash,1
Morgan Wallen,Devil Don’t Know,1
Taylor Swift,The Tortured Poets Department,1
Jason Aldean,My Kinda Party,1
Taylor Swift,Wi$h Li$t,1
Ariana Grande,Honeymoon Avenue,0
Drake,Connect,0
Drake,Take Care,1
Taylor Swift,peace,1
Luke Bryan,Word on the Street,0
Drake,Hoe Phase,1
Jason Aldean,One for the Road,0
Jason Aldean,Like You Were Mine,0
Ariana Grande,Leave Me Lonely,0
Drake,Polar Opposites,1
Luke Bryan,Kill the Lights,0
Taylor Swift,I Wish You Would,0
Ed Sheeran,Old Phone,1
Taylor Swift,Starlight,0
Ariana Grande,sweetener,1
Ariana Grande,Lovin’ It,0
Morgan Wallen,Blame It on Me,0
Taylor Swift,Labyrinth,1
Ariana Grande,Greedy,0
Ariana Grande,just like magic,1
Morgan Wallen,Tennessee Numbers,1
Morgan Wallen,Gone Girl,0
Luke Bryan,Country Man,1
Ariana Grande,Problem,1
Taylor Swift,ivy,1
Ariana Grande,love language,1
Drake,CRYING IN CHANEL,1
