artist,album,song
Taylor Swift,Taylor Swift,Tim McGraw
Taylor Swift,Taylor Swift,Picture to Burn
Taylor Swift,Taylor Swift,Teardrops on My Guitar
Taylor Swift,Taylor Swift,A Place in This World
Taylor Swift,Taylor Swift,Cold as You
Taylor Swift,Taylor Swift,The Outside
Taylor Swift,Taylor Swift,Tied Together With a Smile
Taylor Swift,Taylor Swift,Stay Beautiful
Taylor Swift,Taylor Swift,Should’ve Said No
Taylor Swift,Taylor Swift,Mary’s Song (Oh My My My)
Taylor Swift,Taylor Swift,Our Song
Taylor Swift,Fearless,Fearless
Taylor Swift,Fearless,Fifteen
Taylor Swift,Fearless,Love Story
Taylor Swift,Fearless,Hey Stephen
Taylor Swift,Fearless,White Horse
Taylor Swift,Fearless,You Belong With Me
Taylor Swift,Fearless,Breathe
Taylor Swift,Fearless,Tell Me Why
Taylor Swift,Fearless,You’re Not Sorry
Taylor Swift,Fearless,The Way I Loved You
Taylor Swift,Fearless,Forever & Always
Taylor Swift,Fearless,The Best Day
Taylor Swift,Fearless,Change
Taylor Swift,Speak Now,Mine
Taylor Swift,Speak Now,Sparks Fly
Taylor Swift,Speak Now,Back to December
Taylor Swift,Speak Now,Speak Now
Taylor Swift,Speak Now,Dear John
Taylor Swift,Speak Now,Mean
Taylor Swift,Speak Now,The Story of Us
Taylor Swift,Speak Now,Never Grow Up
Taylor Swift,Speak Now,Enchanted
Taylor Swift,Speak Now,Better Than Revenge
Taylor Swift,Speak Now,Innocent
Taylor Swift,Speak Now,Haunted
Taylor Swift,Speak Now,Last Kiss
Taylor Swift,Speak Now,Long Live
Taylor Swift,Red,State of Grace
Taylor Swift,Red,Red
Taylor Swift,Red,Treacherous
Taylor Swift,Red,I Knew You Were Trouble.
Taylor Swift,Red,All Too Well
Taylor Swift,Red,22
Taylor Swift,Red,I Almost Do
Taylor Swift,Red,We Are Never Ever Getting Back Together
Taylor Swift,Red,Stay Stay Stay
Taylor Swift,Red,The Last Time
Taylor Swift,Red,Holy Ground
Taylor Swift,Red,Sad Beautiful Tragic
Taylor Swift,Red,The Lucky One
Taylor Swift,Red,Everything Has Changed
Taylor Swift,Red,Starlight
Taylor Swift,Red,Begin Again
Taylor Swift,1989,Welcome to New York
Taylor Swift,1989,Blank Space
Taylor Swift,1989,Style
Taylor Swift,1989,Out of the Woods
Taylor Swift,1989,All You Had to Do Was Stay
Taylor Swift,1989,Shake It Off
Taylor Swift,1989,I Wish You Would
Taylor Swift,1989,Bad Blood
Taylor Swift,1989,Wildest Dreams
Taylor Swift,1989,How You Get the Girl
Taylor Swift,1989,This Love
Taylor Swift,1989,I Know Places
Taylor Swift,1989,Clean
Taylor Swift,reputation,…Ready for It?
Taylor Swift,reputation,End Game
Taylor Swift,reputation,I Did Something Bad
Taylor Swift,reputation,Don’t Blame Me
Taylor Swift,reputation,Delicate
Taylor Swift,reputation,Look What You Made Me Do
Taylor Swift,reputation,So It Goes…
Taylor Swift,reputation,Gorgeous
Taylor Swift,reputation,Getaway Car
Taylor Swift,reputation,King of My Heart
Taylor Swift,reputation,Dancing With Our Hands Tied
Taylor Swift,reputation,Dress
Taylor Swift,reputation,This Is Why We Can’t Have Nice Things
Taylor Swift,reputation,Call It What You Want
Taylor Swift,reputation,New Year’s Day
Taylor Swift,Lover,I Forgot That You Existed
Taylor Swift,Lover,Cruel Summer
Taylor Swift,Lover,Lover
Taylor Swift,Lover,The Man
Taylor Swift,Lover,The Archer
Taylor Swift,Lover,I Think He Knows
Taylor Swift,Lover,Miss Americana & the Heartbreak Prince
Taylor Swift,Lover,Paper Rings
Taylor Swift,Lover,Cornelia Street
Taylor Swift,Lover,Death by a Thousand Cuts
Taylor Swift,Lover,London Boy
Taylor Swift,Lover,Soon You’ll Get Better
Taylor Swift,Lover,False God
Taylor Swift,Lover,You Need to Calm Down
Taylor Swift,Lover,Afterglow
Taylor Swift,Lover,ME!
Taylor Swift,Lover,It’s Nice to Have a Friend
Taylor Swift,Lover,Daylight
Taylor Swift,folklore,the 1
Taylor Swift,folklore,cardigan
Taylor Swift,folklore,the last great american dynasty
Taylor Swift,folklore,exile
Taylor Swift,folklore,my tears ricochet
Taylor Swift,folklore,mirrorball
Taylor Swift,folklore,seven
Taylor Swift,folklore,august
Taylor Swift,folklore,this is me trying
Taylor Swift,folklore,illicit affairs
Taylor Swift,folklore,invisible string
Taylor Swift,folklore,mad woman
Taylor Swift,folklore,epiphany
Taylor Swift,folklore,betty
Taylor Swift,folklore,peace
Taylor Swift,folklore,hoax
Taylor Swift,folklore,the lakes
Taylor Swift,evermore,willow
Taylor Swift,evermore,champagne problems
Taylor Swift,evermore,gold rush
Taylor Swift,evermore,’tis the damn season
Taylor Swift,evermore,tolerate it
Taylor Swift,evermore,"no body, no crime"
Taylor Swift,evermore,happiness
Taylor Swift,evermore,dorothea
Taylor Swift,evermore,coney island
Taylor Swift,evermore,ivy
Taylor Swift,evermore,cowboy like me
Taylor Swift,evermore,long story short
Taylor Swift,evermore,marjorie
Taylor Swift,evermore,closure
Taylor Swift,evermore,evermore
Taylor Swift,Midnights,Lavender Haze
Taylor Swift,Midnights,Maroon
Taylor Swift,Midnights,Anti‐Hero
Taylor Swift,Midnights,Snow on the Beach
Taylor Swift,Midnights,"You’re on Your Own, Kid"
Taylor Swift,Midnights,Midnight Rain
Taylor Swift,Midnights,Question…?
Taylor Swift,Midnights,Vigilante Shit
Taylor Swift,Midnights,Bejeweled
Taylor Swift,Midnights,Labyrinth
Taylor Swift,Midnights,Karma
Taylor Swift,Midnights,Sweet Nothing
Taylor Swift,Midnights,Mastermind
Taylor Swift,THE TORTURED POETS DEPARTMENT,Fortnight
Taylor Swift,THE TORTURED POETS DEPARTMENT,The Tortured Poets Department
Taylor Swift,THE TORTURED POETS DEPARTMENT,My Boy Only Breaks His Favorite Toys
Taylor Swift,THE TORTURED POETS DEPARTMENT,Down Bad
Taylor Swift,THE TORTURED POETS DEPARTMENT,"So Long, London"
Taylor Swift,THE TORTURED POETS DEPARTMENT,But Daddy I Love Him
Taylor Swift,THE TORTURED POETS DEPARTMENT,Fresh Out the Slammer
Taylor Swift,THE TORTURED POETS DEPARTMENT,Florida!!!
Taylor Swift,THE TORTURED POETS DEPARTMENT,Guilty as Sin?
Taylor Swift,THE TORTURED POETS DEPARTMENT,Who’s Afraid of Little Old Me?
Taylor Swift,THE TORTURED POETS DEPARTMENT,I Can Fix Him (No Really I Can)
Taylor Swift,THE TORTURED POETS DEPARTMENT,loml
Taylor Swift,THE TORTURED POETS DEPARTMENT,I Can Do It With a Broken Heart
Taylor Swift,THE TORTURED POETS DEPARTMENT,The Smallest Man Who Ever Lived
Taylor Swift,THE TORTURED POETS DEPARTMENT,The Alchemy
Taylor Swift,THE TORTURED POETS DEPARTMENT,Clara Bow
Taylor Swift,The Life of a Showgirl,The Fate of Ophelia
Taylor Swift,The Life of a Showgirl,Elizabeth Taylor
Taylor Swift,The Life of a Showgirl,Opalite
Taylor Swift,The Life of a Showgirl,Father Figure
Taylor Swift,The Life of a Showgirl,Eldest Daughter
Taylor Swift,The Life of a Showgirl,Ruin the Friendship
Taylor Swift,The Life of a Showgirl,Actually Romantic
Taylor Swift,The Life of a Showgirl,Wi$h Li$t
Taylor Swift,The Life of a Showgirl,Wood
Taylor Swift,The Life of a Showgirl,CANCELLED!
Taylor Swift,The Life of a Showgirl,Honey
Taylor Swift,The Life of a Showgirl,The Life of a Showgirl
Morgan Wallen,If I Know Me,Up Down
Morgan Wallen,If I Know Me,Happy Hour
Morgan Wallen,If I Know Me,Had Me by Halftime
Morgan Wallen,If I Know Me,Whiskey Glasses
Morgan Wallen,If I Know Me,Whatcha Know ’Bout That
Morgan Wallen,If I Know Me,Redneck Love Song
Morgan Wallen,If I Know Me,Little Rain
Morgan Wallen,If I Know Me,If I Know Me
Morgan Wallen,If I Know Me,Chasin’ You
Morgan Wallen,If I Know Me,The Way I Talk
Morgan Wallen,If I Know Me,If I Ever Get You Back
Morgan Wallen,If I Know Me,Gone Girl
Morgan Wallen,If I Know Me,Not Good at Not
Morgan Wallen,If I Know Me,Talkin’ Tennessee
Morgan Wallen,Dangerous: The Double Album,Sand in My Boots
Morgan Wallen,Dangerous: The Double Album,Wasted on You
Morgan Wallen,Dangerous: The Double Album,Somebody’s Problem
Morgan Wallen,Dangerous: The Double Album,More Surprised Than Me
Morgan Wallen,Dangerous: The Double Album,865
Morgan Wallen,Dangerous: The Double Album,Warning
Morgan Wallen,Dangerous: The Double Album,Neon Eyes
Morgan Wallen,Dangerous: The Double Album,Outlaw
Morgan Wallen,Dangerous: The Double Album,Whiskey’d My Way
Morgan Wallen,Dangerous: The Double Album,Wonderin’ Bout the Wind
Morgan Wallen,Dangerous: The Double Album,Your Bartender
Morgan Wallen,Dangerous: The Double Album,Only Thing That’s Gone
Morgan Wallen,Dangerous: The Double Album,Cover Me Up
Morgan Wallen,Dangerous: The Double Album,7 Summers
Morgan Wallen,Dangerous: The Double Album,More Than My Hometown
Morgan Wallen,Dangerous: The Double Album,Still Goin Down
Morgan Wallen,Dangerous: The Double Album,"Rednecks, Red Letters, Red Dirt"
Morgan Wallen,Dangerous: The Double Album,Dangerous
Morgan Wallen,Dangerous: The Double Album,Beer Don’t
Morgan Wallen,Dangerous: The Double Album,Blame It on Me
Morgan Wallen,Dangerous: The Double Album,Somethin’ Country
Morgan Wallen,Dangerous: The Double Album,This Bar
Morgan Wallen,Dangerous: The Double Album,Country A$$ Shit
Morgan Wallen,Dangerous: The Double Album,Whatcha Think of Country Now
Morgan Wallen,Dangerous: The Double Album,Me on Whiskey
Morgan Wallen,Dangerous: The Double Album,Need a Boat
Morgan Wallen,Dangerous: The Double Album,Silverado for Sale
Morgan Wallen,Dangerous: The Double Album,Heartless (Wallen album mix)
Morgan Wallen,Dangerous: The Double Album,Livin’ the Dream
Morgan Wallen,Dangerous: The Double Album,Quittin’ Time
Morgan Wallen,One Thing at a Time,Born With a Beer in My Hand
Morgan Wallen,One Thing at a Time,Last Night
Morgan Wallen,One Thing at a Time,Everything I Love
Morgan Wallen,One Thing at a Time,Man Made a Bar
Morgan Wallen,One Thing at a Time,Devil Don’t Know
Morgan Wallen,One Thing at a Time,One Thing at a Time
Morgan Wallen,One Thing at a Time,’98 Braves
Morgan Wallen,One Thing at a Time,Ain’t That Some
Morgan Wallen,One Thing at a Time,I Wrote the Book
Morgan Wallen,One Thing at a Time,Tennessee Numbers
Morgan Wallen,One Thing at a Time,Hope That’s True
Morgan Wallen,One Thing at a Time,Whiskey Friends
Morgan Wallen,One Thing at a Time,Sunrise
Morgan Wallen,One Thing at a Time,Keith Whitley
Morgan Wallen,One Thing at a Time,In the Bible
Morgan Wallen,One Thing at a Time,You Proof
Morgan Wallen,One Thing at a Time,Thought You Should Know
Morgan Wallen,One Thing at a Time,F150-50
Morgan Wallen,One Thing at a Time,Neon Star (Country Boy Lullaby)
Morgan Wallen,One Thing at a Time,I Deserve a Drink
Morgan Wallen,One Thing at a Time,Wine Into Water
Morgan Wallen,One Thing at a Time,Me + All Your Reasons
Morgan Wallen,One Thing at a Time,Tennessee Fan
Morgan Wallen,One Thing at a Time,Money on Me
Morgan Wallen,One Thing at a Time,Thinkin’ Bout Me
Morgan Wallen,One Thing at a Time,Single Than She Was
Morgan Wallen,One Thing at a Time,Days That End in Why
Morgan Wallen,One Thing at a Time,Last Drive Down Main
Morgan Wallen,One Thing at a Time,Me to Me
Morgan Wallen,One Thing at a Time,Don’t Think Jesus
Morgan Wallen,One Thing at a Time,180 (Lifestyle)
Morgan Wallen,One Thing at a Time,Had It
Morgan Wallen,One Thing at a Time,Cowgirls
Morgan Wallen,One Thing at a Time,Good Girl Gone Missin’
Morgan Wallen,One Thing at a Time,Outlook
Morgan Wallen,One Thing at a Time,Dying Man
Morgan Wallen,I’m the Problem,I’m the Problem
Morgan Wallen,I’m the Problem,I Got Better
Morgan Wallen,I’m the Problem,Superman
Morgan Wallen,I’m the Problem,What I Want
Morgan Wallen,I’m the Problem,Just in Case
Morgan Wallen,I’m the Problem,Interlude
Morgan Wallen,I’m the Problem,Falling Apart
Morgan Wallen,I’m the Problem,"Skoal, Chevy, and Browning"
Morgan Wallen,I’m the Problem,Eyes Are Closed
Morgan Wallen,I’m the Problem,Kick Myself
Morgan Wallen,I’m the Problem,20 Cigarettes
Morgan Wallen,I’m the Problem,TN
Morgan Wallen,I’m the Problem,Missing
Morgan Wallen,I’m the Problem,Where’d That Girl Go
Morgan Wallen,I’m the Problem,Genesis
Morgan Wallen,I’m the Problem,Revelation
Morgan Wallen,I’m the Problem,Number 3 and Number 7
Morgan Wallen,I’m the Problem,Kiss Her in Front of You
Morgan Wallen,I’m the Problem,If You Were Mine
Morgan Wallen,I’m the Problem,Don’t We
Morgan Wallen,I’m the Problem,Come Back as a Redneck
Morgan Wallen,I’m the Problem,Love Somebody
Morgan Wallen,I’m the Problem,Dark Til Daylight
Morgan Wallen,I’m the Problem,The Dealer
Morgan Wallen,I’m the Problem,Leavin’s the Least I Could Do
Morgan Wallen,I’m the Problem,Jack and Jill
Morgan Wallen,I’m the Problem,I Ain’t Comin’ Back
Morgan Wallen,I’m the Problem,Nothin’ Left
Morgan Wallen,I’m the Problem,Drinking Til It Does
Morgan Wallen,I’m the Problem,Smile
Morgan Wallen,I’m the Problem,Working Man’s Song
Morgan Wallen,I’m the Problem,Whiskey in Reverse
Morgan Wallen,I’m the Problem,Crazy Eyes
Morgan Wallen,I’m the Problem,LA Night
Morgan Wallen,I’m the Problem,Miami
Morgan Wallen,I’m the Problem,Lies Lies Lies
Morgan Wallen,I’m the Problem,I’m a Little Crazy
Drake,Thank Me Later,Fireworks
Drake,Thank Me Later,Karaoke
Drake,Thank Me Later,The Resistance
Drake,Thank Me Later,Over
Drake,Thank Me Later,Show Me a Good Time
Drake,Thank Me Later,Up All Night
Drake,Thank Me Later,Fancy
Drake,Thank Me Later,Shut It Down
Drake,Thank Me Later,Unforgettable
Drake,Thank Me Later,Light Up
Drake,Thank Me Later,Miss Me
Drake,Thank Me Later,Cece’s Interlude
Drake,Thank Me Later,Find Your Love
Drake,Thank Me Later,Thank Me Now
Drake,Take Care,Over My Dead Body
Drake,Take Care,Shot for Me
Drake,Take Care,Headlines
Drake,Take Care,Crew Love
Drake,Take Care,Take Care
Drake,Take Care,Marvins Room / Buried Alive Interlude
Drake,Take Care,Under Ground Kings
Drake,Take Care,We’ll Be Fine
Drake,Take Care,Make Me Proud
Drake,Take Care,Lord Knows
Drake,Take Care,Cameras / Good Ones Go Interlude
Drake,Take Care,Doing It Wrong
Drake,Take Care,The Real Her
Drake,Take Care,Look What You’ve Done
Drake,Take Care,HYFR (Hell Ya Fuckin’ Right)
Drake,Take Care,Practice
Drake,Take Care,The Ride
Drake,Nothing Was the Same,Tuscan Leather
Drake,Nothing Was the Same,Furthest Thing
Drake,Nothing Was the Same,Started From the Bottom
Drake,Nothing Was the Same,Wu-Tang Forever
Drake,Nothing Was the Same,Own It
Drake,Nothing Was the Same,Worst Behavior
Drake,Nothing Was the Same,From Time
Drake,Nothing Was the Same,"Hold On, We’re Going Home"
Drake,Nothing Was the Same,Connect
Drake,Nothing Was the Same,The Language
Drake,Nothing Was the Same,305 to My City
Drake,Nothing Was the Same,Too Much
Drake,Nothing Was the Same,Pound Cake / Paris Morton Music 2
Drake,Nothing Was the Same,Come Thru
Drake,Nothing Was the Same,All Me
Drake,Views,Keep the Family Close
Drake,Views,9
Drake,Views,U With Me?
Drake,Views,Feel No Ways
Drake,Views,Hype
Drake,Views,Weston Road Flows
Drake,Views,Redemption
Drake,Views,With You
Drake,Views,Faithful
Drake,Views,Still Here
Drake,Views,Controlla
Drake,Views,One Dance
Drake,Views,Grammys
Drake,Views,Childs Play
Drake,Views,Pop Style
Drake,Views,Too Good
Drake,Views,Summers Over (interlude)
Drake,Views,Fire & Desire
Drake,Views,Views
Drake,Views,Hotline Bling
Drake,Scorpion,Survival
Drake,Scorpion,Nonstop
Drake,Scorpion,Elevate
Drake,Scorpion,Emotionless
Drake,Scorpion,God’s Plan
Drake,Scorpion,I’m Upset
Drake,Scorpion,8 Out of 10
Drake,Scorpion,Mob Ties
Drake,Scorpion,Can’t Take a Joke
Drake,Scorpion,Sandra’s Rose
Drake,Scorpion,Talk Up
Drake,Scorpion,Is There More
Drake,Scorpion,Peak
Drake,Scorpion,Summer Games
Drake,Scorpion,Jaded
Drake,Scorpion,Nice for What
Drake,Scorpion,Finesse
Drake,Scorpion,Ratchet Happy Birthday
Drake,Scorpion,That’s How You Feel
Drake,Scorpion,Blue Tint
Drake,Scorpion,In My Feelings
Drake,Scorpion,Don’t Matter to Me
Drake,Scorpion,After Dark
Drake,Scorpion,Final Fantasy
Drake,Scorpion,March 14
Drake,Certified Lover Boy,Champagne Poetry
Drake,Certified Lover Boy,Papi’s Home
Drake,Certified Lover Boy,Girls Want Girls
Drake,Certified Lover Boy,In the Bible
Drake,Certified Lover Boy,Love All
Drake,Certified Lover Boy,Fair Trade
Drake,Certified Lover Boy,Way 2 Sexy
Drake,Certified Lover Boy,TSU
Drake,Certified Lover Boy,N 2 Deep
Drake,Certified Lover Boy,Pipe Down
Drake,Certified Lover Boy,Yebba’s Heartbreak
Drake,Certified Lover Boy,No Friends in the Industry
Drake,Certified Lover Boy,Knife Talk
Drake,Certified Lover Boy,7am on Bridle Path
Drake,Certified Lover Boy,Race My Mind
Drake,Certified Lover Boy,Fountains
Drake,Certified Lover Boy,Get Along Better
Drake,Certified Lover Boy,You Only Live Twice
Drake,Certified Lover Boy,IMY2
Drake,Certified Lover Boy,Fucking Fans
Drake,Certified Lover Boy,The Remorse
Drake,"Honestly, Nevermind",Intro
Drake,"Honestly, Nevermind",Falling Back
Drake,"Honestly, Nevermind",Texts Go Green
Drake,"Honestly, Nevermind",Currents
Drake,"Honestly, Nevermind",A Keeper
Drake,"Honestly, Nevermind",Calling My Name
Drake,"Honestly, Nevermind",Sticky
Drake,"Honestly, Nevermind",Massive
Drake,"Honestly, Nevermind",Flight’s Booked
Drake,"Honestly, Nevermind",Overdrive
Drake,"Honestly, Nevermind",Down Hill
Drake,"Honestly, Nevermind",Tie That Binds
Drake,"Honestly, Nevermind",Liability
Drake,"Honestly, Nevermind",Jimmy Cooks
Drake,Her Loss,Rich Flex
Drake,Her Loss,Major Distribution
Drake,Her Loss,On BS
Drake,Her Loss,BackOutsideBoyz
Drake,Her Loss,Privileged Rappers
Drake,Her Loss,Spin Bout U
Drake,Her Loss,Hours in Silence
Drake,Her Loss,Treacherous Twins
Drake,Her Loss,Circo Loco
Drake,Her Loss,Pussy & Millions
Drake,Her Loss,Broke Boys
Drake,Her Loss,Middle of the Ocean
Drake,Her Loss,Jumbotron Shit Poppin
Drake,Her Loss,More M’s
Drake,Her Loss,3AM on Glenwood
Drake,Her Loss,I Guess It’s Fuck Me
Drake,For All the Dogs,Virginia Beach
Drake,For All the Dogs,Amen
Drake,For All the Dogs,Calling for You
Drake,For All the Dogs,Fear of Heights
Drake,For All the Dogs,Daylight
Drake,For All the Dogs,First Person Shooter
Drake,For All the Dogs,IDGAF
Drake,For All the Dogs,7969 Santa
Drake,For All the Dogs,Slime You Out
Drake,For All the Dogs,Bahamas Promises
Drake,For All the Dogs,Tried Our Best
Drake,For All the Dogs,Screw the World (interlude)
Drake,For All the Dogs,Drew a Picasso
Drake,For All the Dogs,Members Only
Drake,For All the Dogs,What Would Pluto Do
Drake,For All the Dogs,All the Parties
Drake,For All the Dogs,8am in Charlotte
Drake,For All the Dogs,BBL Love (interlude)
Drake,For All the Dogs,Gently
Drake,For All the Dogs,Rich Baby Daddy
Drake,For All the Dogs,Another Late Night
Drake,For All the Dogs,Away From Home
Drake,For All the Dogs,Polar Opposites
Drake,$ome $exy $ongs 4 U,CN TOWER
Drake,$ome $exy $ongs 4 U,MOTH BALLS
Drake,$ome $exy $ongs 4 U,SOMETHING ABOUT YOU
Drake,$ome $exy $ongs 4 U,CRYING IN CHANEL
Drake,$ome $exy $ongs 4 U,SPIDER-MAN SUPERMAN
Drake,$ome $exy $ongs 4 U,DEEPER
Drake,$ome $exy $ongs 4 U,SMALL TOWN FAME
Drake,$ome $exy $ongs 4 U,PIMMIE’S DILEMMA
Drake,$ome $exy $ongs 4 U,BRIAN STEEL
Drake,$ome $exy $ongs 4 U,GIMME A HUG
Drake,$ome $exy $ongs 4 U,RAINING IN HOUSTON
Drake,$ome $exy $ongs 4 U,LASERS
Drake,$ome $exy $ongs 4 U,MEET YOUR PADRE
Drake,$ome $exy $ongs 4 U,NOKIA
Drake,$ome $exy $ongs 4 U,DIE TRYING
Drake,$ome $exy $ongs 4 U,SOMEBODY LOVES ME
Drake,$ome $exy $ongs 4 U,CELIBACY
Drake,$ome $exy $ongs 4 U,OMW
Drake,$ome $exy $ongs 4 U,GLORIOUS
Drake,$ome $exy $ongs 4 U,WHEN HE'S GONE
Drake,$ome $exy $ongs 4 U,GREEDY
Drake,HABIBTI,Rusty Intro
Drake,HABIBTI,WNBA
Drake,HABIBTI,Slap the City
Drake,HABIBTI,High Fives
Drake,HABIBTI,Hurrr Nor Thurrr
Drake,HABIBTI,I’m Spent
Drake,HABIBTI,Classic
Drake,HABIBTI,Gen 5
Drake,HABIBTI,White Bone
Drake,HABIBTI,Fortworth
Drake,HABIBTI,Prioritizing
Drake,ICEMAN,Make Them Cry
Drake,ICEMAN,Dust
Drake,ICEMAN,Whisper My Name
Drake,ICEMAN,Janice STFU
Drake,ICEMAN,Ran to Atlanta
Drake,ICEMAN,Shabang
Drake,ICEMAN,Make Them Pay
Drake,ICEMAN,Burning Bridges
Drake,ICEMAN,National Treasures
Drake,ICEMAN,B's on the Table
Drake,ICEMAN,What Did I Miss?
Drake,ICEMAN,Plot Twist
Drake,ICEMAN,2 Hard 4 the Radio
Drake,ICEMAN,Make Them Remember
Drake,ICEMAN,Little Birdie
Drake,ICEMAN,Don't Worry
Drake,ICEMAN,Firm Friends
Drake,ICEMAN,Make Them Know
Drake,MAID OF HONOUR,Hoe Phase
Drake,MAID OF HONOUR,Road Trips
Drake,MAID OF HONOUR,Outside Tweaking
Drake,MAID OF HONOUR,Cheetah Print
Drake,MAID OF HONOUR,Which One
Drake,MAID OF HONOUR,Amazing Shape
Drake,MAID OF HONOUR,BBW
Drake,MAID OF HONOUR,True Bestie
Drake,MAID OF HONOUR,Where’s Your Stuff Interlude
Drake,MAID OF HONOUR,New Bestie
Drake,MAID OF HONOUR,Q&A
Drake,MAID OF HONOUR,Stuck
Drake,MAID OF HONOUR,Goose and the Juice
Drake,MAID OF HONOUR,Princess
Luke Bryan,I'll Stay Me,All My Friends Say
Luke Bryan,I'll Stay Me,Baby’s on the Way
Luke Bryan,I'll Stay Me,The Car in Front of Me
Luke Bryan,I'll Stay Me,Pray About Everything
Luke Bryan,I'll Stay Me,We Rode in Trucks
Luke Bryan,I'll Stay Me,I’ll Stay Me
Luke Bryan,I'll Stay Me,First Love Song
Luke Bryan,I'll Stay Me,Country Man
Luke Bryan,I'll Stay Me,Over the River
Luke Bryan,I'll Stay Me,You Make Me Want To
Luke Bryan,I'll Stay Me,Tackle Box
Luke Bryan,I'll Stay Me,Good Directions
Luke Bryan,Doin’ My Thing,Rain Is a Good Thing
Luke Bryan,Doin’ My Thing,Doin’ My Thing
Luke Bryan,Doin’ My Thing,Do I
Luke Bryan,Doin’ My Thing,What Country Is
Luke Bryan,Doin’ My Thing,Someone Else Calling You Baby
Luke Bryan,Doin’ My Thing,Welcome to the Farm
Luke Bryan,Doin’ My Thing,Apologize
Luke Bryan,Doin’ My Thing,Every Time I See You
Luke Bryan,Doin’ My Thing,Chuggin’ Along
Luke Bryan,Doin’ My Thing,I Did It Again
Luke Bryan,Doin’ My Thing,Drinkin’ Beer and Wastin’ Bullets
Luke Bryan,Tailgates & Tanlines,Country Girl (Shake It for Me)
Luke Bryan,Tailgates & Tanlines,Kiss Tomorrow Goodbye
Luke Bryan,Tailgates & Tanlines,Drunk on You
Luke Bryan,Tailgates & Tanlines,Too Damn Young
Luke Bryan,Tailgates & Tanlines,I Don’t Want This Night to End
Luke Bryan,Tailgates & Tanlines,You Don’t Know Jack
Luke Bryan,Tailgates & Tanlines,Harvest Time
Luke Bryan,Tailgates & Tanlines,I Know You’re Gonna Be There
Luke Bryan,Tailgates & Tanlines,Muckalee Creek Water
Luke Bryan,Tailgates & Tanlines,Tailgate Blues
Luke Bryan,Tailgates & Tanlines,"Been There, Done That"
Luke Bryan,Tailgates & Tanlines,Faded Away
Luke Bryan,Tailgates & Tanlines,I Knew You That Way
Luke Bryan,Crash My Party,That’s My Kind of Night
Luke Bryan,Crash My Party,Beer in the Headlights
Luke Bryan,Crash My Party,Crash My Party
Luke Bryan,Crash My Party,Roller Coaster
Luke Bryan,Crash My Party,We Run This Town
Luke Bryan,Crash My Party,Drink a Beer
Luke Bryan,Crash My Party,I See You
Luke Bryan,Crash My Party,Goodbye Girl
Luke Bryan,Crash My Party,Play It Again
Luke Bryan,Crash My Party,Blood Brothers
Luke Bryan,Crash My Party,Out Like That
Luke Bryan,Crash My Party,Shut It Down
Luke Bryan,Crash My Party,Dirt Road Diary
Luke Bryan,Kill the Lights,Kick the Dust Up
Luke Bryan,Kill the Lights,Kill the Lights
Luke Bryan,Kill the Lights,Strip It Down
Luke Bryan,Kill the Lights,Home Alone Tonight
Luke Bryan,Kill the Lights,Razor Blade
Luke Bryan,Kill the Lights,Fast
Luke Bryan,Kill the Lights,Move
Luke Bryan,Kill the Lights,Just Over
Luke Bryan,Kill the Lights,Love It Gone
Luke Bryan,Kill the Lights,Way Way Back
Luke Bryan,Kill the Lights,To the Moon and Back
Luke Bryan,Kill the Lights,"Huntin’, Fishin’ and Lovin’ Every Day"
Luke Bryan,Kill the Lights,Scarecrows
Luke Bryan,What Makes You Country,What Makes You Country
Luke Bryan,What Makes You Country,Out of Nowhere Girl
Luke Bryan,What Makes You Country,Light It Up
Luke Bryan,What Makes You Country,Most People Are Gone
Luke Bryan,What Makes You Country,"Sunrise, Sunburn, Sunset"
Luke Bryan,What Makes You Country,Bad Lovers
Luke Bryan,What Makes You Country,Drinking Again
Luke Bryan,What Makes You Country,Land of a Million Songs
Luke Bryan,What Makes You Country,Like You Say You Do
Luke Bryan,What Makes You Country,Hooked on It
Luke Bryan,What Makes You Country,She's a Hot One
Luke Bryan,What Makes You Country,Hungover in a Hotel Room
Luke Bryan,What Makes You Country,Pick It Up
Luke Bryan,What Makes You Country,Driving This Thing
Luke Bryan,What Makes You Country,Win Life
Luke Bryan,Mind of a Country Boy,Mind of a Country Boy
Luke Bryan,Mind of a Country Boy,"Love You, Miss You, Mean It"
Luke Bryan,Mind of a Country Boy,Country Song Came On
Luke Bryan,Mind of a Country Boy,Pair of Boots
Luke Bryan,Mind of a Country Boy,But I Got a Beer in My Hand
Luke Bryan,Mind of a Country Boy,Kansas
Luke Bryan,Mind of a Country Boy,Country On
Luke Bryan,Mind of a Country Boy,Fish on the Wall
Luke Bryan,Mind of a Country Boy,She’s Still Got It
Luke Bryan,Mind of a Country Boy,Closing Time in California
Luke Bryan,Mind of a Country Boy,For the Kids
Luke Bryan,Mind of a Country Boy,Southern and Slow
Luke Bryan,Mind of a Country Boy,I’m on a Tractor
Luke Bryan,Mind of a Country Boy,Jesus ’Bout My Kids
Luke Bryan,Signs,Finders Keepers
Luke Bryan,Signs,Country and She Knows It
Luke Bryan,Signs,Word on the Street
Luke Bryan,Signs,Signs
Luke Bryan,Signs,Fish Hunt Golf Drink
Luke Bryan,Signs,Made It a Memory
Luke Bryan,Signs,Woods
Luke Bryan,Signs,Down Goes the Whiskey
Luke Bryan,Signs,Crooked Rows of Corn
Luke Bryan,Signs,I Liked Loving You
Luke Bryan,Signs,Killer
Luke Bryan,Signs,Praying by the Rules
Ariana Grande,Yours Truly,Honeymoon Avenue
Ariana Grande,Yours Truly,Baby I
Ariana Grande,Yours Truly,Right There
Ariana Grande,Yours Truly,Tattooed Heart
Ariana Grande,Yours Truly,Lovin’ It
Ariana Grande,Yours Truly,Piano
Ariana Grande,Yours Truly,Daydreamin’
Ariana Grande,Yours Truly,The Way
Ariana Grande,Yours Truly,You’ll Never Know
Ariana Grande,Yours Truly,Almost Is Never Enough
Ariana Grande,Yours Truly,Popular Song
Ariana Grande,Yours Truly,Better Left Unsaid
Ariana Grande,My Everything,Intro
Ariana Grande,My Everything,Problem
Ariana Grande,My Everything,One Last Time
Ariana Grande,My Everything,Why Try
Ariana Grande,My Everything,Break Free
Ariana Grande,My Everything,Best Mistake
Ariana Grande,My Everything,Be My Baby
Ariana Grande,My Everything,Break Your Heart Right Back
Ariana Grande,My Everything,Love Me Harder
Ariana Grande,My Everything,Just a Little Bit of Your Heart
Ariana Grande,My Everything,Hands on Me
Ariana Grande,My Everything,My Everything
Ariana Grande,Dangerous Woman,Moonlight
Ariana Grande,Dangerous Woman,Dangerous Woman
Ariana Grande,Dangerous Woman,Be Alright
Ariana Grande,Dangerous Woman,Into You
Ariana Grande,Dangerous Woman,Side to Side
Ariana Grande,Dangerous Woman,Let Me Love You
Ariana Grande,Dangerous Woman,Greedy
Ariana Grande,Dangerous Woman,Leave Me Lonely
Ariana Grande,Dangerous Woman,Everyday
Ariana Grande,Dangerous Woman,Bad Decisions
Ariana Grande,Dangerous Woman,Thinking Bout You
Ariana Grande,Sweetener,raindrops (an angel cried)
Ariana Grande,Sweetener,blazed
Ariana Grande,Sweetener,the light is coming
Ariana Grande,Sweetener,R.E.M
Ariana Grande,Sweetener,God is a woman
Ariana Grande,Sweetener,sweetener
Ariana Grande,Sweetener,successful
Ariana Grande,Sweetener,everytime
Ariana Grande,Sweetener,breathin
Ariana Grande,Sweetener,no tears left to cry
Ariana Grande,Sweetener,borderline
Ariana Grande,Sweetener,better off
Ariana Grande,Sweetener,goodnight n go
Ariana Grande,Sweetener,pete davidson
Ariana Grande,Sweetener,get well soon
Ariana Grande,"thank u, next",imagine
Ariana Grande,"thank u, next",needy
Ariana Grande,"thank u, next",NASA
Ariana Grande,"thank u, next",bloodline
Ariana Grande,"thank u, next",fake smile
Ariana Grande,"thank u, next",bad idea
Ariana Grande,"thank u, next",make up
Ariana Grande,"thank u, next",ghostin
Ariana Grande,"thank u, next",in my head
Ariana Grande,"thank u, next",7 rings
Ariana Grande,"thank u, next","thank u, next"
Ariana Grande,"thank u, next","break up with your girlfriend, i’m bored"
Ariana Grande,Positions,shut up
Ariana Grande,Positions,34+35
Ariana Grande,Positions,motive
Ariana Grande,Positions,just like magic
Ariana Grande,Positions,off the table
Ariana Grande,Positions,six thirty
Ariana Grande,Positions,safety net
Ariana Grande,Positions,my hair
Ariana Grande,Positions,nasty
Ariana Grande,Positions,west side
Ariana Grande,Positions,love language
Ariana Grande,Positions,positions
Ariana Grande,Positions,obvious
Ariana Grande,Positions,pov
Ariana Grande,eternal sunshine,intro (end of the world)
Ariana Grande,eternal sunshine,bye
Ariana Grande,eternal sunshine,don’t wanna break up again
Ariana Grande,eternal sunshine,Saturn Returns Interlude
Ariana Grande,eternal sunshine,eternal sunshine
Ariana Grande,eternal sunshine,supernatural
Ariana Grande,eternal sunshine,true story
Ariana Grande,eternal sunshine,the boy is mine
Ariana Grande,eternal sunshine,"yes, and?"
Ariana Grande,eternal sunshine,we can’t be friends (wait for your love)
Ariana Grande,eternal sunshine,i wish i hated you
Ariana Grande,eternal sunshine,imperfect for you
Ariana Grande,eternal sunshine,ordinary things
Ariana Grande,petal,kiss me
Ariana Grande,petal,hate that i made you love me
Ariana Grande,petal,petal
Ariana Grande,petal,stay
Ariana Grande,petal,oh well
Ariana Grande,petal,big feelings
Ariana Grande,petal,freak
Ariana Grande,petal,warning signs (interlude)
Ariana Grande,petal,like i do
Ariana Grande,petal,never get over me
Ariana Grande,petal,bad thing (bunny hop)
Ariana Grande,petal,"nowhere, nobody"
Jason Aldean,Jason Aldean,Hicktown
Jason Aldean,Jason Aldean,Amarillo Sky
Jason Aldean,Jason Aldean,Why
Jason Aldean,Jason Aldean,Even If I Wanted To
Jason Aldean,Jason Aldean,Lonesome U.S.A.
Jason Aldean,Jason Aldean,Asphalt Cowboy
Jason Aldean,Jason Aldean,I’m Just a Man
Jason Aldean,Jason Aldean,You’re the Love I Wanna Be In
Jason Aldean,Jason Aldean,Good to Go
Jason Aldean,Jason Aldean,I Believe in Ghosts
Jason Aldean,Jason Aldean,She Loved Me
Jason Aldean,Relentless,Johnny Cash
Jason Aldean,Relentless,Laughed Until We Cried
Jason Aldean,Relentless,Do You Wish It Was Me
Jason Aldean,Relentless,I Use What I Got
Jason Aldean,Relentless,Who’s Kissing You Tonight
Jason Aldean,Relentless,Relentless
Jason Aldean,Relentless,My Memory Ain’t What It Used to Be
Jason Aldean,Relentless,No
Jason Aldean,Relentless,Back in This Cigarette
Jason Aldean,Relentless,Grown Woman
Jason Aldean,Relentless,I Break Everything I Touch
Jason Aldean,Relentless,Not Every Man Lives
Jason Aldean,Wide Open,Wide Open
Jason Aldean,Wide Open,This I Gotta See
Jason Aldean,Wide Open,Fast
Jason Aldean,Wide Open,Crazy Town
Jason Aldean,Wide Open,Don’t Give Up on Me
Jason Aldean,Wide Open,She’s Country
Jason Aldean,Wide Open,On My Highway
Jason Aldean,Wide Open,Keep the Girl
Jason Aldean,Wide Open,Big Green Tractor
Jason Aldean,Wide Open,The Truth
Jason Aldean,Wide Open,Love Was Easy
Jason Aldean,My Kinda Party,Tattoos on This Town
Jason Aldean,My Kinda Party,Dirt Road Anthem
Jason Aldean,My Kinda Party,Church Pew or Bar Stool
Jason Aldean,My Kinda Party,Just Passing Through
Jason Aldean,My Kinda Party,Fly Over States
Jason Aldean,My Kinda Party,My Kinda Party
Jason Aldean,My Kinda Party,I Ain’t Ready to Quit
Jason Aldean,My Kinda Party,It Ain’t Easy
Jason Aldean,My Kinda Party,Country Boy’s World
Jason Aldean,My Kinda Party,The Heartache That Don’t Stop Hurting
Jason Aldean,My Kinda Party,Texas Was You
Jason Aldean,My Kinda Party,Don’t You Wanna Stay
Jason Aldean,My Kinda Party,See You When I See You
Jason Aldean,My Kinda Party,If She Could See Me Now
Jason Aldean,My Kinda Party,Days Like These
Jason Aldean,Night Train,This Nothin’ Town
Jason Aldean,Night Train,When She Says Baby
Jason Aldean,Night Train,Feel That Again
Jason Aldean,Night Train,Wheels Rollin’
Jason Aldean,Night Train,Talk
Jason Aldean,Night Train,The Only Way I Know
Jason Aldean,Night Train,Take a Little Ride
Jason Aldean,Night Train,I Don’t Do Lonely Well
Jason Aldean,Night Train,Night Train
Jason Aldean,Night Train,1994
Jason Aldean,Night Train,Staring at the Sun
Jason Aldean,Night Train,Drink One for Me
Jason Aldean,Night Train,Black Tears
Jason Aldean,Night Train,Walking Away
Jason Aldean,Night Train,Water Tower
Jason Aldean,"Old Boots, New Dirt",Just Gettin’ Started
Jason Aldean,"Old Boots, New Dirt",Show You Off
Jason Aldean,"Old Boots, New Dirt",Burnin’ It Down
Jason Aldean,"Old Boots, New Dirt",Tryin’ to Love Me
Jason Aldean,"Old Boots, New Dirt",Sweet Little Somethin’
Jason Aldean,"Old Boots, New Dirt",Laid Back
Jason Aldean,"Old Boots, New Dirt",Tonight Looks Good on You
Jason Aldean,"Old Boots, New Dirt",Too Fast
Jason Aldean,"Old Boots, New Dirt",If My Truck Could Talk
Jason Aldean,"Old Boots, New Dirt","Old Boots, New Dirt"
Jason Aldean,"Old Boots, New Dirt",I Took It With Me
Jason Aldean,"Old Boots, New Dirt",Don’t Change Gone
Jason Aldean,"Old Boots, New Dirt",Miss That Girl
Jason Aldean,"Old Boots, New Dirt",Gonna Know We Were Here
Jason Aldean,"Old Boots, New Dirt",Two Night Town
Jason Aldean,They Don’t Know,Lights Come On
Jason Aldean,They Don’t Know,A Little More Summertime
Jason Aldean,They Don’t Know,This Plane Don’t Go There
Jason Aldean,They Don’t Know,Comin’ in Hot
Jason Aldean,They Don’t Know,First Time Again
Jason Aldean,They Don’t Know,Bad
Jason Aldean,They Don’t Know,They Don’t Know
Jason Aldean,They Don’t Know,One We Won’t Forget
Jason Aldean,They Don’t Know,Whiskey’d Up
Jason Aldean,They Don’t Know,In Case You Don’t Remember
Jason Aldean,They Don’t Know,All Out of Beer
Jason Aldean,They Don’t Know,Any Ol’ Barstool
Jason Aldean,They Don’t Know,The Way a Night Should Feel
Jason Aldean,They Don’t Know,Reason to Love L.A.
Jason Aldean,They Don’t Know,When the Lights Go Out
Jason Aldean,Rearview Town,Dirt to Dust
Jason Aldean,Rearview Town,Set It Off
Jason Aldean,Rearview Town,Girl Like You
Jason Aldean,Rearview Town,You Make It Easy
Jason Aldean,Rearview Town,Gettin’ Warmed Up
Jason Aldean,Rearview Town,Blacktop Gone
Jason Aldean,Rearview Town,Drowns the Whiskey
Jason Aldean,Rearview Town,Rearview Town
Jason Aldean,Rearview Town,Love Me or Don’t
Jason Aldean,Rearview Town,Like You Were Mine
Jason Aldean,Rearview Town,Better at Being Who I Am
Jason Aldean,Rearview Town,I’ll Wait for You
Jason Aldean,Rearview Town,Ride All Night
Jason Aldean,Rearview Town,Up in Smoke
Jason Aldean,Rearview Town,High Noon Neon
Jason Aldean,9,Tattoos and Tequila
Jason Aldean,9,Blame It on You
Jason Aldean,9,Champagne Town
Jason Aldean,9,Some Things You Don’t Forget
Jason Aldean,9,Got What I Got
Jason Aldean,9,Keeping It Small Town
Jason Aldean,9,Camouflage Hat
Jason Aldean,9,Came Here to Drink
Jason Aldean,9,We Back
Jason Aldean,9,Dirt We Were Raised On
Jason Aldean,9,I Don’t Drink Anymore
Jason Aldean,9,Cowboy Killer
Jason Aldean,9,One for the Road
Jason Aldean,9,Talk About Georgia
Jason Aldean,9,The Same Way
Jason Aldean,9,She Likes It
Jason Aldean,MACON,After You
Jason Aldean,MACON,Over You Again
Jason Aldean,MACON,That’s What Tequila Does
Jason Aldean,MACON,Small Town Small
Jason Aldean,MACON,If I Didn’t Love You
Jason Aldean,MACON,Story for Another Glass
Jason Aldean,MACON,Heaven
Jason Aldean,MACON,This Bar Don’t Work Anymore
Jason Aldean,MACON,The Sad Songs
Jason Aldean,MACON,Watching You Love Me
Jason Aldean,MACON,"Amarillo Sky (live from Nashville, TN)"
Jason Aldean,MACON,"Johnny Cash (live from Los Angeles, CA)"
Jason Aldean,MACON,"She’s Country (live from Las Vegas, NV)"
Jason Aldean,MACON,"Big Green Tractor (live from Dallas, TX)"
Jason Aldean,MACON,"My Kinda Party (live from St. Louis, MO)"
Jason Aldean,GEORGIA,Whiskey Me Away
Jason Aldean,GEORGIA,Trouble With A Heartbreak
Jason Aldean,GEORGIA,The State I’m In
Jason Aldean,GEORGIA,Midnight and Missin’ You
Jason Aldean,GEORGIA,Ain’t Enough Cowboy
Jason Aldean,GEORGIA,God Made Airplanes
Jason Aldean,GEORGIA,My Weakness
Jason Aldean,GEORGIA,Holy Water
Jason Aldean,GEORGIA,Rock and Roll Cowboy
Jason Aldean,GEORGIA,Your Mama
Jason Aldean,GEORGIA,"Take a Little Ride (live from Las Vegas, NV)"
Jason Aldean,GEORGIA,"Burnin’ It Down (live from St. Louis, MO)"
Jason Aldean,GEORGIA,"Any Ol’ Barstool (live from Knoxville, TN)"
Jason Aldean,GEORGIA,"Rearview Town (live from St. Louis, MO)"
Jason Aldean,GEORGIA,"Blame It on You (live from Manchester, TN)"
Jason Aldean,Highway Desperado,Tough Crowd
Jason Aldean,Highway Desperado,Let Your Boys Be Country
Jason Aldean,Highway Desperado,Knew You’d Come Around
Jason Aldean,Highway Desperado,Hungover in a Hotel
Jason Aldean,Highway Desperado,Try That in a Small Town
Jason Aldean,Highway Desperado,Whiskey Drink
Jason Aldean,Highway Desperado,Whose Rearview
Jason Aldean,Highway Desperado,I’m Over You
Jason Aldean,Highway Desperado,Rather Watch You
Jason Aldean,Highway Desperado,Breakup Breakdown
Jason Aldean,Highway Desperado,Get Away From You
Jason Aldean,Highway Desperado,Changing Bars
Jason Aldean,Highway Desperado,From This Beer On
Jason Aldean,Highway Desperado,Highway Desperado
Jason Aldean,Songs About Us,Anytime Soon
Jason Aldean,Songs About Us,Drinking About You
Jason Aldean,Songs About Us,Don’t Tell on Me
Jason Aldean,Songs About Us,How Far Does A Goodbye Go
Jason Aldean,Songs About Us,Songs About Us
Jason Aldean,Songs About Us,Good Thing Going
Jason Aldean,Songs About Us,She’s Why
Jason Aldean,Songs About Us,Backroads of My Memory
Jason Aldean,Songs About Us,Dust on the Bottle
Jason Aldean,Songs About Us,The High Road
Jason Aldean,Songs About Us,Easier Gone
Jason Aldean,Songs About Us,Help You Remember
Jason Aldean,Songs About Us,Country Into Rock 'n' Roll
Jason Aldean,Songs About Us,What’s a Little Heartache
Jason Aldean,Songs About Us,One Last Look
Jason Aldean,Songs About Us,Fight a Fire
Jason Aldean,Songs About Us,Hard to Love You
Jason Aldean,Songs About Us,Little Hometown Left
Jason Aldean,Songs About Us,Her Favorite Color
Jason Aldean,Songs About Us,Lovin' Me Too Long
Ed Sheeran,+,The A Team
Ed Sheeran,+,Drunk
Ed Sheeran,+,U.N.I.
Ed Sheeran,+,Grade 8
Ed Sheeran,+,Wake Me Up
Ed Sheeran,+,Small Bump
Ed Sheeran,+,This
Ed Sheeran,+,The City
Ed Sheeran,+,Lego House
Ed Sheeran,+,"You Need Me, I Don’t Need You"
Ed Sheeran,+,Kiss Me
Ed Sheeran,+,Give Me Love / The Parting Glass
Ed Sheeran,×,One
Ed Sheeran,×,I’m a Mess
Ed Sheeran,×,Sing
Ed Sheeran,×,Don’t
Ed Sheeran,×,Nina
Ed Sheeran,×,Photograph
Ed Sheeran,×,Bloodstream
Ed Sheeran,×,Tenerife Sea
Ed Sheeran,×,Runaway
Ed Sheeran,×,The Man
Ed Sheeran,×,Thinking Out Loud
Ed Sheeran,×,Afire Love
Ed Sheeran,÷,Eraser
Ed Sheeran,÷,Castle on the Hill
Ed Sheeran,÷,Dive
Ed Sheeran,÷,Shape of You
Ed Sheeran,÷,Perfect
Ed Sheeran,÷,Galway Girl
Ed Sheeran,÷,Happier
Ed Sheeran,÷,New Man
Ed Sheeran,÷,Hearts Don’t Break Around Here
Ed Sheeran,÷,What Do I Know?
Ed Sheeran,÷,How Would You Feel (Paean)
Ed Sheeran,÷,Supermarket Flowers
Ed Sheeran,No.6 Collaborations Project,Beautiful People
Ed Sheeran,No.6 Collaborations Project,South of the Border
Ed Sheeran,No.6 Collaborations Project,Cross Me
Ed Sheeran,No.6 Collaborations Project,Take Me Back to London
Ed Sheeran,No.6 Collaborations Project,Best Part of Me
Ed Sheeran,No.6 Collaborations Project,I Don’t Care
Ed Sheeran,No.6 Collaborations Project,Antisocial
Ed Sheeran,No.6 Collaborations Project,Remember the Name
Ed Sheeran,No.6 Collaborations Project,Feels
Ed Sheeran,No.6 Collaborations Project,Put It All on Me
Ed Sheeran,No.6 Collaborations Project,Nothing on You
Ed Sheeran,No.6 Collaborations Project,I Don’t Want Your Money
Ed Sheeran,No.6 Collaborations Project,1000 Nights
Ed Sheeran,No.6 Collaborations Project,Way to Break My Heart
Ed Sheeran,No.6 Collaborations Project,BLOW
Ed Sheeran,=,Tides
Ed Sheeran,=,Shivers
Ed Sheeran,=,First Times
Ed Sheeran,=,Bad Habits
Ed Sheeran,=,Overpass Graffiti
Ed Sheeran,=,The Joker and the Queen
Ed Sheeran,=,Leave Your Life
Ed Sheeran,=,Collide
Ed Sheeran,=,2step
Ed Sheeran,=,Stop the Rain
Ed Sheeran,=,Love in Slow Motion
Ed Sheeran,=,Visiting Hours
Ed Sheeran,=,Sandman
Ed Sheeran,=,Be Right Now
Ed Sheeran,−,Boat
Ed Sheeran,−,Salt Water
Ed Sheeran,−,Eyes Closed
Ed Sheeran,−,Life Goes On
Ed Sheeran,−,Dusty
Ed Sheeran,−,End of Youth
Ed Sheeran,−,Colourblind
Ed Sheeran,−,Curtains
Ed Sheeran,−,Borderline
Ed Sheeran,−,Spark
Ed Sheeran,−,Vega
Ed Sheeran,−,Sycamore
Ed Sheeran,−,No Strings
Ed Sheeran,−,The Hills of Aberfeldy
Ed Sheeran,Autumn Variations,Magical
Ed Sheeran,Autumn Variations,England
Ed Sheeran,Autumn Variations,Amazing
Ed Sheeran,Autumn Variations,Plastic Bag
Ed Sheeran,Autumn Variations,Blue
Ed Sheeran,Autumn Variations,American Town
Ed Sheeran,Autumn Variations,That’s on Me
Ed Sheeran,Autumn Variations,Page
Ed Sheeran,Autumn Variations,Midnight
Ed Sheeran,Autumn Variations,Spring
Ed Sheeran,Autumn Variations,Punchline
Ed Sheeran,Autumn Variations,When Will I Be Alright
Ed Sheeran,Autumn Variations,The Day I Was Born
Ed Sheeran,Autumn Variations,Head > Heels
Ed Sheeran,Play,Opening
Ed Sheeran,Play,Sapphire
Ed Sheeran,Play,Azizam
Ed Sheeran,Play,Old Phone
Ed Sheeran,Play,Symmetry
Ed Sheeran,Play,Camera
Ed Sheeran,Play,In Other Words
Ed Sheeran,Play,A Little More
Ed Sheeran,Play,Slowly
Ed Sheeran,Play,Don’t Look Down
Ed Sheeran,Play,The Vow
Ed Sheeran,Play,For Always
Ed Sheeran,Play,Heaven
