artist,album,song,hit,youtube_title,youtube_url,chorus_start,chorus_end,chorus_file
Drake,For All the Dogs,Slime You Out,1,Drake - Slime You Out ft. SZA (Official Audio) ft. SZA,https://www.youtube.com/watch?v=2_gLD1jarfU,24.31,40.49,data/choruses/Drake_Slime_You_Out.wav
Drake,Scorpion,Elevate,1,Elevate,https://www.youtube.com/watch?v=Ge9dWepN418,44.21,66.31,data/choruses/Drake_Elevate.wav
Taylor Swift,Fearless,You’re Not Sorry,1,Taylor Swift - You're Not Sorry (Taylor's Version) (Lyric Video),https://www.youtube.com/watch?v=DNaSlUYIXBg,43.1,57.4,data/choruses/Taylor_Swift_Youre_Not_Sorry.wav
Luke Bryan,Kill the Lights,Strip It Down,1,Luke Bryan - Strip It Down (Official Lyric Video),https://www.youtube.com/watch?v=kY2pJsOZvc4,42.31,56.23,data/choruses/Luke_Bryan_Strip_It_Down.wav
Drake,Thank Me Later,Show Me a Good Time,0,Show Me A Good Time,https://www.youtube.com/watch?v=ZeOI-_9fVvU,15.13,30.09,data/choruses/Drake_Show_Me_a_Good_Time.wav
Morgan Wallen,One Thing at a Time,Keith Whitley,1,Morgan Wallen - Keith Whitley (Lyric Video),https://www.youtube.com/watch?v=woAVLTCYNFE,47.96,87.49,data/choruses/Morgan_Wallen_Keith_Whitley.wav
Jason Aldean,Rearview Town,Gettin’ Warmed Up,0,Jason Aldean - Gettin’ Warmed Up (Official Audio),https://www.youtube.com/watch?v=OV4lBgq3l-w,32.94,56.94,data/choruses/Jason_Aldean_Gettin_Warmed_Up.wav
Luke Bryan,What Makes You Country,"Sunrise, Sunburn, Sunset",1,"Luke Bryan - Sunrise, Sunburn, Sunset (Official Audio)",https://www.youtube.com/watch?v=nPnW8_PN7TM,39.57,75.57,data/choruses/Luke_Bryan_Sunrise_Sunburn_Sunset.wav
Luke Bryan,I'll Stay Me,I’ll Stay Me,0,I'll Stay Me,https://www.youtube.com/watch?v=DDmIPRNlNDk,41.44,66.99,data/choruses/Luke_Bryan_Ill_Stay_Me.wav
Taylor Swift,Red,I Knew You Were Trouble.,1,Taylor Swift - I Knew You Were Trouble (Taylor's Version) (Lyric Video),https://www.youtube.com/watch?v=TqAollrUJdA,65.69,78.15,data/choruses/Taylor_Swift_I_Knew_You_Were_Trouble.wav
Taylor Swift,Speak Now,Speak Now,1,Taylor Swift - Speak Now (Taylor's Version) (Lyric Video),https://www.youtube.com/watch?v=JlZnvyBqceY,50.64,76.86,data/choruses/Taylor_Swift_Speak_Now.wav
Ed Sheeran,−,Salt Water,0,Ed Sheeran - Salt Water [Official Video],https://www.youtube.com/watch?v=kBHmd_oPStQ,70.58,93.44,data/choruses/Ed_Sheeran_Salt_Water.wav
Drake,Scorpion,After Dark,1,After Dark,https://www.youtube.com/watch?v=COilSLHbdqs,14.96,40.73,data/choruses/Drake_After_Dark.wav
Jason Aldean,9,Champagne Town,0,Jason Aldean - Champagne Town (Official Audio),https://www.youtube.com/watch?v=UHYjagbmk2E,32.94,45.91,data/choruses/Jason_Aldean_Champagne_Town.wav
Ariana Grande,"thank u, next","thank u, next",1,"Ariana Grande - thank u, next (audio)",https://www.youtube.com/watch?v=5OeR5XBEahU,45.09,63.04,data/choruses/Ariana_Grande_thank_u_next.wav
Drake,Scorpion,Nonstop,1,Nonstop,https://www.youtube.com/watch?v=QVqS3tB8OtE,61.92,86.7,data/choruses/Drake_Nonstop.wav
Ariana Grande,My Everything,Problem,1,Ariana Grande - Problem (Official Lyric Video) ft. Iggy Azalea,https://www.youtube.com/watch?v=SoJ8s90NLc4,38.46,61.77,data/choruses/Ariana_Grande_Problem.wav
Morgan Wallen,I’m the Problem,Missing,1,Morgan Wallen - Missing (Audio),https://www.youtube.com/watch?v=5A-mI8f5zBc,31.22,46.71,data/choruses/Morgan_Wallen_Missing.wav
Drake,For All the Dogs,First Person Shooter,1,Drake - First Person Shooter ft. J. Cole,https://www.youtube.com/watch?v=Xty2gi5cMa8,151.37,169.1,data/choruses/Drake_First_Person_Shooter.wav
Ariana Grande,Yours Truly,Popular Song,1,MIKA - Popular Song ft. Ariana Grande,https://www.youtube.com/watch?v=nmcdLOjGVzw,48.55,77.65,data/choruses/Ariana_Grande_Popular_Song.wav
Morgan Wallen,One Thing at a Time,Thought You Should Know,1,Morgan Wallen - Thought You Should Know (Lyric Video),https://www.youtube.com/watch?v=X4r_eTtS4Lo,34.96,49.53,data/choruses/Morgan_Wallen_Thought_You_Should_Know.wav
Taylor Swift,The Life of a Showgirl,Elizabeth Taylor,1,Taylor Swift - Elizabeth Taylor (Visualizer),https://www.youtube.com/watch?v=4Mg_Qtr6Osg,41.21,67.55,data/choruses/Taylor_Swift_Elizabeth_Taylor.wav
Taylor Swift,1989,I Wish You Would,0,Taylor Swift - I Wish You Would (Official HD Audio),https://www.youtube.com/watch?v=wKDYnTq5nE8,24.7,40.96,data/choruses/Taylor_Swift_I_Wish_You_Would.wav
Drake,MAID OF HONOUR,Cheetah Print,1,Cheetah Print,https://www.youtube.com/watch?v=cE1jXeKRavw,0.0,14.76,data/choruses/Drake_Cheetah_Print.wav
Luke Bryan,What Makes You Country,Pick It Up,0,Luke Bryan - Pick It Up (Official Audio),https://www.youtube.com/watch?v=qCygAG_zzxs,36.72,68.26,data/choruses/Luke_Bryan_Pick_It_Up.wav
Ariana Grande,Dangerous Woman,Dangerous Woman,1,Ariana Grande - Dangerous Woman (Official Audio),https://www.youtube.com/watch?v=TFrMDGfW_Sg,42.85,65.69,data/choruses/Ariana_Grande_Dangerous_Woman.wav
Ariana Grande,petal,petal,1,Ariana Grande - petal (official lyric video),https://www.youtube.com/watch?v=Tc-gXkHAri8,36.9,51.12,data/choruses/Ariana_Grande_petal.wav
Jason Aldean,Wide Open,Love Was Easy,0,Jason Aldean - Love Was Easy (Official Audio),https://www.youtube.com/watch?v=9hh8wlpXh00,40.59,67.9,data/choruses/Jason_Aldean_Love_Was_Easy.wav
Taylor Swift,Fearless,You Belong With Me,1,Taylor Swift - You Belong With Me (Taylor's Version) (Lyric Video),https://www.youtube.com/watch?v=vwp8Ur6tO-8,51.04,70.43,data/choruses/Taylor_Swift_You_Belong_With_Me.wav
Jason Aldean,Night Train,Staring at the Sun,0,Jason Aldean - Staring at the Sun (Audio Only),https://www.youtube.com/watch?v=agNfkH3862c,41.76,64.71,data/choruses/Jason_Aldean_Staring_at_the_Sun.wav
Drake,Nothing Was the Same,Wu-Tang Forever,1,Wu-Tang Forever,https://www.youtube.com/watch?v=04Dj5FzsKAs,55.23,88.82,data/choruses/Drake_Wu-Tang_Forever.wav
Jason Aldean,MACON,That’s What Tequila Does,1,Jason Aldean - That’s What Tequila Does (Official Audio),https://www.youtube.com/watch?v=LzHGIhEwShs,37.77,68.55,data/choruses/Jason_Aldean_Thats_What_Tequila_Does.wav
Luke Bryan,Crash My Party,That’s My Kind of Night,1,That's My Kinda Night (Audio Only),https://www.youtube.com/watch?v=IjxWpowOW_s,35.59,48.68,data/choruses/Luke_Bryan_Thats_My_Kind_of_Night.wav
Jason Aldean,Rearview Town,Girl Like You,1,Jason Aldean - Girl Like You (Official Audio),https://www.youtube.com/watch?v=OeFYetKv_XE,41.11,54.44,data/choruses/Jason_Aldean_Girl_Like_You.wav
Luke Bryan,Tailgates & Tanlines,Country Girl (Shake It for Me),1,Luke Bryan - Country Girl (Shake It For Me) - (Audio Only),https://www.youtube.com/watch?v=nbtPiJSu2SU,54.76,72.88,data/choruses/Luke_Bryan_Country_Girl_Shake_It_for_Me.wav
Drake,For All the Dogs,Tried Our Best,1,Drake - Tried Our Best (Audio),https://www.youtube.com/watch?v=tJYeoXe5SsA,41.89,64.39,data/choruses/Drake_Tried_Our_Best.wav
Drake,For All the Dogs,Amen,1,Drake - Amen (Audio) ft. Teezo Touchdown,https://www.youtube.com/watch?v=8HYNcvMks6E,18.07,50.06,data/choruses/Drake_Amen.wav
Jason Aldean,Jason Aldean,Good to Go,0,Jason Aldean - Good To Go (Official Audio),https://www.youtube.com/watch?v=clbZN8w15JA,47.79,60.19,data/choruses/Jason_Aldean_Good_to_Go.wav
Drake,Scorpion,Is There More,1,Is There More,https://www.youtube.com/watch?v=EQhSeKbnkqI,161.49,194.32,data/choruses/Drake_Is_There_More.wav
Ariana Grande,Positions,nasty,1,Ariana Grande - nasty (official audio),https://www.youtube.com/watch?v=A3BuLzTvo0o,49.44,64.44,data/choruses/Ariana_Grande_nasty.wav
Ariana Grande,eternal sunshine,supernatural,1,Ariana Grande - supernatural (lyric visualizer),https://www.youtube.com/watch?v=4bwnO0FQp1s,37.93,61.25,data/choruses/Ariana_Grande_supernatural.wav
Ariana Grande,Positions,just like magic,1,Ariana Grande - just like magic (official audio),https://www.youtube.com/watch?v=zMEzD2G2IKA,37.74,53.2,data/choruses/Ariana_Grande_just_like_magic.wav
Drake,Certified Lover Boy,IMY2,1,Drake - IMY2 (Audio) ft. Kid Cudi,https://www.youtube.com/watch?v=3aYA2dK2L-U,57.7,83.31,data/choruses/Drake_IMY2.wav
Luke Bryan,Doin’ My Thing,Someone Else Calling You Baby,1,Someone Else Calling You Baby,https://www.youtube.com/watch?v=RGYbdtIoGqk,66.76,82.94,data/choruses/Luke_Bryan_Someone_Else_Calling_You_Baby.wav
Morgan Wallen,One Thing at a Time,Had It,1,Morgan Wallen - Had It (Lyric Video),https://www.youtube.com/watch?v=ycDGZFB2TmE,38.4,54.15,data/choruses/Morgan_Wallen_Had_It.wav
Taylor Swift,Lover,You Need to Calm Down,1,Taylor Swift - You Need To Calm Down (Lyric Video),https://www.youtube.com/watch?v=GWtfOHBF1_w,46.13,74.4,data/choruses/Taylor_Swift_You_Need_to_Calm_Down.wav
Taylor Swift,evermore,willow,1,Taylor Swift - willow (Official Lyric Video),https://www.youtube.com/watch?v=7EvwIw4gIyk,35.05,47.9,data/choruses/Taylor_Swift_willow.wav
Ariana Grande,Yours Truly,Piano,0,Ariana Grande - Piano,https://www.youtube.com/watch?v=bNt3kK6zk9U,56.34,72.34,data/choruses/Ariana_Grande_Piano.wav
Jason Aldean,Wide Open,Wide Open,0,Jason Aldean - Wide Open (Official Audio),https://www.youtube.com/watch?v=kgo1UBaVVBQ,59.82,76.66,data/choruses/Jason_Aldean_Wide_Open.wav
Jason Aldean,Wide Open,On My Highway,0,Jason Aldean - On My Highway (Official Audio),https://www.youtube.com/watch?v=2nFnG1y3ueQ,44.76,57.64,data/choruses/Jason_Aldean_On_My_Highway.wav
Morgan Wallen,One Thing at a Time,Sunrise,1,Morgan Wallen - Sunrise (Lyric Video),https://www.youtube.com/watch?v=e0emCuq0QI0,40.0,74.28,data/choruses/Morgan_Wallen_Sunrise.wav
Drake,For All the Dogs,Fear of Heights,1,Drake - Fear Of Heights (Audio),https://www.youtube.com/watch?v=_6GOjETAPKo,0.07,22.77,data/choruses/Drake_Fear_of_Heights.wav
Jason Aldean,Wide Open,She’s Country,1,Jason Aldean - She's Country (Official Audio),https://www.youtube.com/watch?v=mItGiL3DAYA,56.36,84.27,data/choruses/Jason_Aldean_Shes_Country.wav
Taylor Swift,folklore,exile,1,Taylor Swift – exile (feat. Bon Iver) (Official Lyric Video),https://www.youtube.com/watch?v=osdoLjUNFnA,40.95,63.86,data/choruses/Taylor_Swift_exile.wav
Jason Aldean,Night Train,Take a Little Ride,1,Jason Aldean - Take A Little Ride (Official Audio),https://www.youtube.com/watch?v=k1npzO6slaU,36.76,73.34,data/choruses/Jason_Aldean_Take_a_Little_Ride.wav
Taylor Swift,Red,The Lucky One,0,The Lucky One,https://www.youtube.com/watch?v=mMJyKxcWOgk,48.46,73.37,data/choruses/Taylor_Swift_The_Lucky_One.wav
Drake,Views,Controlla,1,Drake - Controlla,https://www.youtube.com/watch?v=PsW85VbSau0,40.66,61.68,data/choruses/Drake_Controlla.wav
Drake,Nothing Was the Same,Own It,1,Own It,https://www.youtube.com/watch?v=OVBi2daS-MM,102.61,118.91,data/choruses/Drake_Own_It.wav
Taylor Swift,1989,Bad Blood,1,Bad Blood,https://www.youtube.com/watch?v=0Gt-lgz0F9U,0.0,23.72,data/choruses/Taylor_Swift_Bad_Blood.wav
Taylor Swift,1989,How You Get the Girl,0,Taylor Swift - How You Get The Girl (Taylor's Version) (Lyric Video),https://www.youtube.com/watch?v=rnwD7veCoFQ,47.34,64.35,data/choruses/Taylor_Swift_How_You_Get_the_Girl.wav
Jason Aldean,My Kinda Party,If She Could See Me Now,0,Jason Aldean - If She Could See Me Now (Official Audio),https://www.youtube.com/watch?v=tDVZ6S7FgGo,40.08,72.58,data/choruses/Jason_Aldean_If_She_Could_See_Me_Now.wav
Jason Aldean,9,Came Here to Drink,0,Jason Aldean - Came Here To Drink (Official Audio),https://www.youtube.com/watch?v=EHk4UreIYg0,36.93,68.87,data/choruses/Jason_Aldean_Came_Here_to_Drink.wav
Taylor Swift,1989,Out of the Woods,1,Taylor Swift - Out Of The Woods (Taylor's Version) (Lyric Video),https://www.youtube.com/watch?v=gp1MR2WAAXY,52.46,78.54,data/choruses/Taylor_Swift_Out_of_the_Woods.wav
Ariana Grande,Positions,pov,1,Ariana Grande - pov (official audio),https://www.youtube.com/watch?v=nQJEp-k-ogs,44.33,57.97,data/choruses/Ariana_Grande_pov.wav
Drake,ICEMAN,Ran to Atlanta,1,Ran To Atlanta,https://www.youtube.com/watch?v=KrKeZZafngg,26.48,39.72,data/choruses/Drake_Ran_to_Atlanta.wav
Jason Aldean,Relentless,Do You Wish It Was Me,0,Jason Aldean - Do You Wish It Was Me (Official Audio),https://www.youtube.com/watch?v=2w3CXo6YO_s,44.44,69.79,data/choruses/Jason_Aldean_Do_You_Wish_It_Was_Me.wav
Luke Bryan,Kill the Lights,Kick the Dust Up,1,Luke Bryan - Kick The Dust Up (Official Audio),https://www.youtube.com/watch?v=bhnaqcUZ7GQ,41.24,63.56,data/choruses/Luke_Bryan_Kick_the_Dust_Up.wav
Drake,Views,9,1,Drake - 9,https://www.youtube.com/watch?v=q50SwIodCwg,94.27,115.28,data/choruses/Drake_9.wav
Luke Bryan,Crash My Party,I See You,1,Luke Bryan - I See You (Official Lyric Video),https://www.youtube.com/watch?v=lLmNaCgjkYQ,50.08,72.24,data/choruses/Luke_Bryan_I_See_You.wav
Ed Sheeran,−,Dusty,0,Ed Sheeran - Dusty [Official Lyric Video],https://www.youtube.com/watch?v=7FUo3xYXZao,50.05,72.91,data/choruses/Ed_Sheeran_Dusty.wav
Morgan Wallen,Dangerous: The Double Album,Sand in My Boots,1,Morgan Wallen – Sand In My Boots (Audio Only),https://www.youtube.com/watch?v=ICWZfdZ5XI4,38.79,52.5,data/choruses/Morgan_Wallen_Sand_in_My_Boots.wav
Taylor Swift,Red,22,1,Taylor Swift - 22,https://www.youtube.com/watch?v=AgFeZr5ptV8,41.63,69.32,data/choruses/Taylor_Swift_22.wav
Ed Sheeran,−,Boat,0,Ed Sheeran - Boat [Official Lyric Video],https://www.youtube.com/watch?v=kl-igUrRFD8,29.8,49.66,data/choruses/Ed_Sheeran_Boat.wav
Ariana Grande,My Everything,Best Mistake,1,Best Mistake,https://www.youtube.com/watch?v=6H6dRxGT_ww,66.8,79.52,data/choruses/Ariana_Grande_Best_Mistake.wav
Ed Sheeran,=,First Times,0,Ed Sheeran - First Times [Official Lyric Video],https://www.youtube.com/watch?v=y6oryBG8xeQ,122.1,150.96,data/choruses/Ed_Sheeran_First_Times.wav
Ariana Grande,Sweetener,the light is coming,1,Ariana Grande - the light is coming ft. Nicki Minaj,https://www.youtube.com/watch?v=OQitfe8u7i4,80.64,109.74,data/choruses/Ariana_Grande_the_light_is_coming.wav
Luke Bryan,I'll Stay Me,All My Friends Say,1,Luke Bryan - All My Friends Say,https://www.youtube.com/watch?v=VfRuEBKSpOQ,45.5,61.91,data/choruses/Luke_Bryan_All_My_Friends_Say.wav
Jason Aldean,Night Train,Black Tears,0,Jason Aldean - Black Tears (Audio Only),https://www.youtube.com/watch?v=6tpCEbjsY_4,70.17,107.87,data/choruses/Jason_Aldean_Black_Tears.wav
Luke Bryan,Mind of a Country Boy,Country On,1,Luke Bryan - Country On (Official Audio),https://www.youtube.com/watch?v=UyM6rTDcJ00,43.19,67.04,data/choruses/Luke_Bryan_Country_On.wav
Taylor Swift,Midnights,Labyrinth,1,Taylor Swift - Labyrinth (Lyric Video),https://www.youtube.com/watch?v=xTXsKMXUi7w,122.38,139.3,data/choruses/Taylor_Swift_Labyrinth.wav
Jason Aldean,Songs About Us,Drinking About You,0,Jason Aldean - Drinking About You (Official Audio),https://www.youtube.com/watch?v=HiNGR3HNtyU,44.69,72.59,data/choruses/Jason_Aldean_Drinking_About_You.wav
Drake,"Honestly, Nevermind",Flight’s Booked,1,Drake - Flight's Booked (Audio),https://www.youtube.com/watch?v=hb24kZ0fiEA,0.05,13.74,data/choruses/Drake_Flights_Booked.wav
Ariana Grande,Positions,my hair,1,Ariana Grande - my hair (Official Audio),https://www.youtube.com/watch?v=Sujm6756pZU,32.0,63.31,data/choruses/Ariana_Grande_my_hair.wav
Taylor Swift,folklore,invisible string,1,Taylor Swift – invisible string (Official Lyric Video),https://www.youtube.com/watch?v=OuFnpmGwg5k,35.21,69.7,data/choruses/Taylor_Swift_invisible_string.wav
Drake,Her Loss,More M’s,1,"Drake, 21 Savage - More M's (Audio)",https://www.youtube.com/watch?v=KyDdFcIDVJw,0.05,34.96,data/choruses/Drake_More_Ms.wav
Jason Aldean,9,Got What I Got,1,Jason Aldean - Got What I Got (Official Audio),https://www.youtube.com/watch?v=pcNzpk7qMJ8,36.97,66.22,data/choruses/Jason_Aldean_Got_What_I_Got.wav
Taylor Swift,evermore,coney island,1,Taylor Swift - coney island (Lyric Video) ft. The National,https://www.youtube.com/watch?v=c_p_TBaHvos,74.01,94.0,data/choruses/Taylor_Swift_coney_island.wav
Morgan Wallen,One Thing at a Time,Tennessee Numbers,1,Morgan Wallen - Tennessee Numbers (Lyric Video),https://www.youtube.com/watch?v=OhrZzxwcyis,45.49,58.57,data/choruses/Morgan_Wallen_Tennessee_Numbers.wav
Jason Aldean,My Kinda Party,Just Passing Through,0,Jason Aldean - Just Passing Through (Official Audio),https://www.youtube.com/watch?v=Vwmw7FM_gys,48.14,75.37,data/choruses/Jason_Aldean_Just_Passing_Through.wav
Jason Aldean,Relentless,Johnny Cash,1,Jason Aldean - Johnny Cash (Official Audio),https://www.youtube.com/watch?v=m3-Csd_vrvM,48.06,73.78,data/choruses/Jason_Aldean_Johnny_Cash.wav
Ed Sheeran,Play,Old Phone,1,Ed Sheeran - Old Phone (Lyric Video),https://www.youtube.com/watch?v=KoM13RvBHrk,39.51,52.84,data/choruses/Ed_Sheeran_Old_Phone.wav
Morgan Wallen,If I Know Me,Had Me by Halftime,0,Morgan Wallen - Had Me By Halftime (Audio Only),https://www.youtube.com/watch?v=czJPbLPPiiA,34.19,47.53,data/choruses/Morgan_Wallen_Had_Me_by_Halftime.wav
Ariana Grande,My Everything,Just a Little Bit of Your Heart,0,Just A Little Bit Of Your Heart,https://www.youtube.com/watch?v=OVOhs_TSwsQ,49.37,87.83,data/choruses/Ariana_Grande_Just_a_Little_Bit_of_Your_Heart.wav
Taylor Swift,Taylor Swift,Cold as You,0,Cold As You,https://www.youtube.com/watch?v=SoXPvCcFibo,43.77,87.39,data/choruses/Taylor_Swift_Cold_as_You.wav
Taylor Swift,reputation,Look What You Made Me Do,1,Taylor Swift - Look What You Made Me Do,https://www.youtube.com/watch?v=3tmd-ClpJxA,50.89,65.89,data/choruses/Taylor_Swift_Look_What_You_Made_Me_Do.wav
Ariana Grande,Yours Truly,Lovin’ It,0,Ariana Grande - Lovin' It,https://www.youtube.com/watch?v=rfnykcOIPmY,0.45,21.45,data/choruses/Ariana_Grande_Lovin_It.wav
Luke Bryan,Tailgates & Tanlines,Faded Away,0,Faded Away,https://www.youtube.com/watch?v=_uJ0PUSs6MI,45.86,80.14,data/choruses/Luke_Bryan_Faded_Away.wav
Drake,For All the Dogs,Calling for You,1,Drake - Calling For You (Audio) ft. 21 Savage,https://www.youtube.com/watch?v=Z06HSkhGuK4,79.01,95.98,data/choruses/Drake_Calling_for_You.wav
Drake,MAID OF HONOUR,Outside Tweaking,1,Outside Tweaking,https://www.youtube.com/watch?v=zzsB6K2YHfk,89.4,109.67,data/choruses/Drake_Outside_Tweaking.wav
Taylor Swift,Midnights,Vigilante Shit,1,Taylor Swift - Vigilante Shit (Official Lyric Video),https://www.youtube.com/watch?v=Uoey4W_3bos,108.38,123.37,data/choruses/Taylor_Swift_Vigilante_Shit.wav
Taylor Swift,Speak Now,Never Grow Up,1,Never Grow Up,https://www.youtube.com/watch?v=VvtejK7s8XU,46.28,61.64,data/choruses/Taylor_Swift_Never_Grow_Up.wav
Drake,MAID OF HONOUR,Hoe Phase,1,Hoe Phase,https://www.youtube.com/watch?v=wrDxh0CH2js,62.92,82.28,data/choruses/Drake_Hoe_Phase.wav
Jason Aldean,9,Some Things You Don’t Forget,0,Jason Aldean - Some Things You Don’t Forget (Official Audio),https://www.youtube.com/watch?v=FcyJg012_Z0,46.64,81.34,data/choruses/Jason_Aldean_Some_Things_You_Dont_Forget.wav
Jason Aldean,My Kinda Party,It Ain’t Easy,0,Jason Aldean - It Ain't Easy (Official Audio),https://www.youtube.com/watch?v=_7Qoay5aGlw,28.59,54.29,data/choruses/Jason_Aldean_It_Aint_Easy.wav
Morgan Wallen,I’m the Problem,Nothin’ Left,1,Morgan Wallen - Nothin' Left (Audio),https://www.youtube.com/watch?v=C0JxMDBfhd8,51.36,73.06,data/choruses/Morgan_Wallen_Nothin_Left.wav
Taylor Swift,Taylor Swift,Mary’s Song (Oh My My My),0,Mary's Song (Oh My My My),https://www.youtube.com/watch?v=4-d5AUPxXjI,44.79,70.22,data/choruses/Taylor_Swift_Marys_Song_Oh_My_My_My.wav
Drake,ICEMAN,Janice STFU,1,Drake - Janice STFU,https://www.youtube.com/watch?v=SD4yRDY9mek,15.28,30.5,data/choruses/Drake_Janice_STFU.wav
Ariana Grande,Positions,obvious,1,Ariana Grande - obvious (official audio),https://www.youtube.com/watch?v=9Sldg-8dVGU,37.66,61.65,data/choruses/Ariana_Grande_obvious.wav
Jason Aldean,Rearview Town,Love Me or Don’t,0,Jason Aldean - Love Me Or Don’t (Official Audio),https://www.youtube.com/watch?v=_DUlTMaMdeg,40.21,53.54,data/choruses/Jason_Aldean_Love_Me_or_Dont.wav
Taylor Swift,Speak Now,Last Kiss,1,Taylor Swift - Last Kiss (Taylor's Version) (Lyric Video),https://www.youtube.com/watch?v=idWma942CUI,45.49,59.07,data/choruses/Taylor_Swift_Last_Kiss.wav
Jason Aldean,9,Camouflage Hat,0,Jason Aldean - Camouflage Hat (Official Audio),https://www.youtube.com/watch?v=vbg5tGui91I,43.34,57.66,data/choruses/Jason_Aldean_Camouflage_Hat.wav
Luke Bryan,I'll Stay Me,You Make Me Want To,0,You Make Me Want To,https://www.youtube.com/watch?v=_211OVd8P0g,44.99,70.89,data/choruses/Luke_Bryan_You_Make_Me_Want_To.wav
Drake,Certified Lover Boy,7am on Bridle Path,1,Drake - 7am On Bridle Path (Audio),https://www.youtube.com/watch?v=L6W1_fUurpA,69.41,85.41,data/choruses/Drake_7am_on_Bridle_Path.wav
Morgan Wallen,I’m the Problem,Love Somebody,1,Morgan Wallen - Love Somebody (Audio),https://www.youtube.com/watch?v=EJIwNQb6tWA,47.46,75.0,data/choruses/Morgan_Wallen_Love_Somebody.wav
Drake,HABIBTI,Gen 5,1,Drake - Gen 5,https://www.youtube.com/watch?v=-ThdHWENQGU,82.08,108.75,data/choruses/Drake_Gen_5.wav
Drake,Certified Lover Boy,Champagne Poetry,1,Drake - Champagne Poetry (Audio),https://www.youtube.com/watch?v=IxVuT8cgccM,0.07,14.72,data/choruses/Drake_Champagne_Poetry.wav
Luke Bryan,I'll Stay Me,Good Directions,0,Good Directions,https://www.youtube.com/watch?v=myr5JxC4b_I,47.24,73.67,data/choruses/Luke_Bryan_Good_Directions.wav
Drake,Take Care,We’ll Be Fine,1,Drake - We'll Be Fine (feat. Birdman) HQ,https://www.youtube.com/watch?v=kLzCMTtcM0E,60.05,73.39,data/choruses/Drake_Well_Be_Fine.wav
Ariana Grande,Positions,motive,1,"Ariana Grande, Doja Cat - motive (official audio)",https://www.youtube.com/watch?v=Lj4-SIa9bbk,41.73,58.13,data/choruses/Ariana_Grande_motive.wav
Morgan Wallen,If I Know Me,Redneck Love Song,0,Morgan Wallen - Redneck Love Song (Audio Only),https://www.youtube.com/watch?v=bXS7f8XO9nQ,42.23,69.23,data/choruses/Morgan_Wallen_Redneck_Love_Song.wav
Jason Aldean,MACON,This Bar Don’t Work Anymore,0,Jason Aldean - This Bar Don't Work Anymore (Official Audio),https://www.youtube.com/watch?v=rq89lW7kM8k,42.53,62.0,data/choruses/Jason_Aldean_This_Bar_Dont_Work_Anymore.wav
Ariana Grande,petal,like i do,1,Ariana Grande - like i do (official visualizer),https://www.youtube.com/watch?v=4U4jJKH7VLc,44.57,59.31,data/choruses/Ariana_Grande_like_i_do.wav
Morgan Wallen,One Thing at a Time,Man Made a Bar,1,Morgan Wallen - Man Made A Bar (Lyric Video) ft. Eric Church,https://www.youtube.com/watch?v=sS8jpNdABgw,39.83,52.79,data/choruses/Morgan_Wallen_Man_Made_a_Bar.wav
Drake,Her Loss,Middle of the Ocean,1,Drake - Middle of the Ocean (Audio),https://www.youtube.com/watch?v=IEueorPNpT0,164.27,189.53,data/choruses/Drake_Middle_of_the_Ocean.wav
Morgan Wallen,One Thing at a Time,Wine Into Water,1,Morgan Wallen - Wine Into Water (Lyric Video),https://www.youtube.com/watch?v=HcouevFpUXk,50.78,67.01,data/choruses/Morgan_Wallen_Wine_Into_Water.wav
Ariana Grande,Dangerous Woman,Side to Side,1,Ariana Grande ft. Nicki Minaj - Side To Side (Official Video) ft. Nicki Minaj,https://www.youtube.com/watch?v=SXiSVQZLje8,0.34,12.61,data/choruses/Ariana_Grande_Side_to_Side.wav
Jason Aldean,Rearview Town,You Make It Easy,1,Jason Aldean - You Make It Easy (Lyric Video),https://www.youtube.com/watch?v=jLCHpZ6B1gU,36.37,63.65,data/choruses/Jason_Aldean_You_Make_It_Easy.wav
Taylor Swift,Speak Now,Back to December,1,Taylor Swift - Back To December (Taylor's Version) (Lyric Video),https://www.youtube.com/watch?v=qc2Z-OX9wnc,54.46,67.98,data/choruses/Taylor_Swift_Back_to_December.wav
Drake,Her Loss,Jumbotron Shit Poppin,1,Drake - Jumbotron Shit Poppin (Audio),https://www.youtube.com/watch?v=IkpgHYDGQlo,0.07,19.45,data/choruses/Drake_Jumbotron_Shit_Poppin.wav
Morgan Wallen,If I Know Me,Not Good at Not,0,Morgan Wallen - Not Good At Not (Audio Only),https://www.youtube.com/watch?v=lQPyxn75xN0,40.23,53.56,data/choruses/Morgan_Wallen_Not_Good_at_Not.wav
Ed Sheeran,−,Life Goes On,1,Ed Sheeran - Life Goes On (feat. Luke Combs) [Official Visualiser],https://www.youtube.com/watch?v=wLvIBvKNaig,49.47,73.64,data/choruses/Ed_Sheeran_Life_Goes_On.wav
Drake,"Honestly, Nevermind",Overdrive,1,Drake - Overdrive,https://www.youtube.com/watch?v=p53kGYHvDn0,80.79,124.43,data/choruses/Drake_Overdrive.wav
Drake,$ome $exy $ongs 4 U,SOMETHING ABOUT YOU,1,Drake - Not You Too (Audio) ft. Chris Brown,https://www.youtube.com/watch?v=ZX_mvoY_Hg0,55.79,83.13,data/choruses/Drake_SOMETHING_ABOUT_YOU.wav
Taylor Swift,folklore,hoax,1,Taylor Swift – hoax (Official Lyric Video),https://www.youtube.com/watch?v=ryLGxpjwAhM,33.71,49.82,data/choruses/Taylor_Swift_hoax.wav
Jason Aldean,Songs About Us,Easier Gone,0,Jason Aldean and Brittany Aldean - Easier Gone (Official Audio),https://www.youtube.com/watch?v=z6-DAXkRSgw,43.85,62.73,data/choruses/Jason_Aldean_Easier_Gone.wav
Morgan Wallen,One Thing at a Time,Tennessee Fan,1,Morgan Wallen - Tennessee Fan (Lyric Video),https://www.youtube.com/watch?v=wRMNGgRQwv4,44.35,56.98,data/choruses/Morgan_Wallen_Tennessee_Fan.wav
Taylor Swift,Speak Now,Mine,1,Taylor Swift - Mine (Taylor's Version) (Lyric Video),https://www.youtube.com/watch?v=oxNLRqMJMZk,47.98,69.31,data/choruses/Taylor_Swift_Mine.wav
Taylor Swift,THE TORTURED POETS DEPARTMENT,I Can Do It With a Broken Heart,1,Taylor Swift - I Can Do It With a Broken Heart (Official Lyric Video),https://www.youtube.com/watch?v=i8_w_m6HLJ0,66.66,81.43,data/choruses/Taylor_Swift_I_Can_Do_It_With_a_Broken_Heart.wav
Taylor Swift,reputation,Call It What You Want,1,Taylor Swift - Call It What You Want (Lyric Video),https://www.youtube.com/watch?v=V54CEElTF_U,106.1,129.52,data/choruses/Taylor_Swift_Call_It_What_You_Want.wav
Taylor Swift,evermore,long story short,1,Taylor Swift - long story short (Official Lyric Video),https://www.youtube.com/watch?v=rqQHa2HcGtM,34.26,49.45,data/choruses/Taylor_Swift_long_story_short.wav
Luke Bryan,Signs,I Liked Loving You,0,I Liked Loving You,https://www.youtube.com/watch?v=F9hyj82gCfw,36.2,63.11,data/choruses/Luke_Bryan_I_Liked_Loving_You.wav
Ariana Grande,Yours Truly,Tattooed Heart,0,Tattooed Heart,https://www.youtube.com/watch?v=H6DeIBK0yuc,56.22,82.87,data/choruses/Ariana_Grande_Tattooed_Heart.wav
Jason Aldean,Jason Aldean,She Loved Me,0,Jason Aldean - She Loved Me (Official Audio),https://www.youtube.com/watch?v=kry8qjHWXog,34.27,81.16,data/choruses/Jason_Aldean_She_Loved_Me.wav
Drake,Her Loss,Broke Boys,1,"Drake, 21 Savage - Broke Boys (Audio)",https://www.youtube.com/watch?v=cE0iNes-bMQ,127.92,145.69,data/choruses/Drake_Broke_Boys.wav
Drake,Certified Lover Boy,Way 2 Sexy,1,Drake - Way 2 Sexy ft. Future & Young Thug,https://www.youtube.com/watch?v=Qr2PWFDB4ZU,67.14,88.32,data/choruses/Drake_Way_2_Sexy.wav
Luke Bryan,Crash My Party,Out Like That,0,Luke Bryan - Out Like That Lyrics,https://www.youtube.com/watch?v=V1yJtr6OZ5c,43.14,76.14,data/choruses/Luke_Bryan_Out_Like_That.wav
Luke Bryan,Doin’ My Thing,Apologize,0,Apologize,https://www.youtube.com/watch?v=oYfZ9_9edrc,45.26,60.25,data/choruses/Luke_Bryan_Apologize.wav
Drake,Her Loss,Treacherous Twins,1,"Drake, 21 Savage - Treacherous Twins (Audio)",https://www.youtube.com/watch?v=jCtsnNpCDo0,0.06,37.81,data/choruses/Drake_Treacherous_Twins.wav
Jason Aldean,They Don’t Know,In Case You Don’t Remember,0,Jason Aldean - In Case You Don't Remember (Audio),https://www.youtube.com/watch?v=316YkeHObDg,40.14,62.46,data/choruses/Jason_Aldean_In_Case_You_Dont_Remember.wav
Ed Sheeran,Play,In Other Words,0,Ed Sheeran - In Other Words [Lyric Video],https://www.youtube.com/watch?v=i752DxeIi7Q,58.06,82.22,data/choruses/Ed_Sheeran_In_Other_Words.wav
Morgan Wallen,I’m the Problem,Kick Myself,1,Morgan Wallen - Kick Myself (Audio),https://www.youtube.com/watch?v=MRZBeNI-1Sk,48.22,71.26,data/choruses/Morgan_Wallen_Kick_Myself.wav
Luke Bryan,What Makes You Country,Hooked on It,0,Luke Bryan - Hooked On It (Official Audio),https://www.youtube.com/watch?v=pvg2cw5oshg,47.72,71.13,data/choruses/Luke_Bryan_Hooked_on_It.wav
Jason Aldean,They Don’t Know,Comin’ in Hot,0,Jason Aldean - Comin' In Hot (Audio),https://www.youtube.com/watch?v=8G_LQxqWR0w,37.4,67.12,data/choruses/Jason_Aldean_Comin_in_Hot.wav
Morgan Wallen,One Thing at a Time,F150-50,1,Morgan Wallen - F150-50 (Lyric Video),https://www.youtube.com/watch?v=0akBylY787U,46.86,78.5,data/choruses/Morgan_Wallen_F150-50.wav
Ariana Grande,Dangerous Woman,Greedy,0,Greedy,https://www.youtube.com/watch?v=nw8zdCwp3k4,33.14,50.6,data/choruses/Ariana_Grande_Greedy.wav
Luke Bryan,I'll Stay Me,Tackle Box,0,Tackle Box,https://www.youtube.com/watch?v=D6njZJA0GmY,58.62,70.83,data/choruses/Luke_Bryan_Tackle_Box.wav
Ariana Grande,Yours Truly,Almost Is Never Enough,1,Ariana Grande - Almost Is Never Enough ft. Nathan Sykes,https://www.youtube.com/watch?v=Y1TRg7vY5tI,62.14,82.73,data/choruses/Ariana_Grande_Almost_Is_Never_Enough.wav
Morgan Wallen,Dangerous: The Double Album,Neon Eyes,1,Morgan Wallen – Neon Eyes (Audio Only),https://www.youtube.com/watch?v=eU8iuS3vtm4,46.73,61.96,data/choruses/Morgan_Wallen_Neon_Eyes.wav
Ed Sheeran,Play,Symmetry,0,Ed Sheeran - Symmetry [Lyric Video],https://www.youtube.com/watch?v=eqK-Gpfl1DI,30.63,50.21,data/choruses/Ed_Sheeran_Symmetry.wav
Luke Bryan,Kill the Lights,To the Moon and Back,0,To The Moon And Back,https://www.youtube.com/watch?v=4BjTgiXxB9k,95.18,109.47,data/choruses/Luke_Bryan_To_the_Moon_and_Back.wav
Ed Sheeran,+,Small Bump,0,Ed Sheeran - Small Bump,https://www.youtube.com/watch?v=Ozgz1719K6E,71.36,87.36,data/choruses/Ed_Sheeran_Small_Bump.wav
Luke Bryan,Crash My Party,Blood Brothers,0,Blood Brothers,https://www.youtube.com/watch?v=qriZAWvBP_U,42.16,89.57,data/choruses/Luke_Bryan_Blood_Brothers.wav
Jason Aldean,GEORGIA,Whiskey Me Away,0,Jason Aldean - Whiskey Me Away (Official Audio),https://www.youtube.com/watch?v=0Af_90X4kOw,45.45,77.05,data/choruses/Jason_Aldean_Whiskey_Me_Away.wav
Drake,For All the Dogs,Drew a Picasso,1,Drake - Drew A Picasso (Audio),https://www.youtube.com/watch?v=NP6jx4ZLF-Q,58.21,73.65,data/choruses/Drake_Drew_a_Picasso.wav
Morgan Wallen,I’m the Problem,The Dealer,1,"Morgan Wallen, ERNEST - The Dealer (Audio)",https://www.youtube.com/watch?v=h2Lv1PFm9r8,43.67,69.76,data/choruses/Morgan_Wallen_The_Dealer.wav
Taylor Swift,Speak Now,Enchanted,1,Taylor Swift - Enchanted (Taylor's Version) (Lyric Video),https://www.youtube.com/watch?v=igIfiqqVHtA,95.4,124.68,data/choruses/Taylor_Swift_Enchanted.wav
Jason Aldean,They Don’t Know,They Don’t Know,1,Jason Aldean - They Don't Know (Audio),https://www.youtube.com/watch?v=rO53760UUO8,45.47,74.08,data/choruses/Jason_Aldean_They_Dont_Know.wav
Taylor Swift,evermore,cowboy like me,1,Taylor Swift - cowboy like me (Official Lyric Video),https://www.youtube.com/watch?v=YPlNBb6I8qU,32.39,45.97,data/choruses/Taylor_Swift_cowboy_like_me.wav
Taylor Swift,Red,I Almost Do,1,Taylor Swift - I Almost Do (Taylor's Version) (Lyric Video),https://www.youtube.com/watch?v=w1AV_35zVwU,39.71,52.87,data/choruses/Taylor_Swift_I_Almost_Do.wav
Morgan Wallen,One Thing at a Time,Everything I Love,1,Morgan Wallen - Everything I Love (Audio Only),https://www.youtube.com/watch?v=Q8RUBHlK4-A,37.74,56.2,data/choruses/Morgan_Wallen_Everything_I_Love.wav
Taylor Swift,1989,This Love,0,Taylor Swift - This Love (Taylor's Version) (Lyric Video),https://www.youtube.com/watch?v=mvxQYPR4lmU,67.8,81.13,data/choruses/Taylor_Swift_This_Love.wav
Ariana Grande,petal,"nowhere, nobody",1,"Ariana Grande - nowhere, nobody (official visualizer)",https://www.youtube.com/watch?v=k7SDstVAD78,49.36,77.18,data/choruses/Ariana_Grande_nowhere_nobody.wav
Taylor Swift,Fearless,Love Story,1,Taylor Swift - Love Story (Taylor’s Version) [Official Lyric Video],https://www.youtube.com/watch?v=aXzVF3XeS8M,64.69,80.85,data/choruses/Taylor_Swift_Love_Story.wav
Morgan Wallen,Dangerous: The Double Album,Wonderin’ Bout the Wind,1,Morgan Wallen – Wonderin' Bout The Wind (Audio Only),https://www.youtube.com/watch?v=X2ytDxdvvog,38.97,73.26,data/choruses/Morgan_Wallen_Wonderin_Bout_the_Wind.wav
Jason Aldean,Songs About Us,Fight a Fire,0,Jason Aldean - Fight A Fire (Official Audio),https://www.youtube.com/watch?v=RexWxEFZu9o,46.81,60.14,data/choruses/Jason_Aldean_Fight_a_Fire.wav
Morgan Wallen,I’m the Problem,Where’d That Girl Go,1,Morgan Wallen - Where'd That Girl Go (Audio),https://www.youtube.com/watch?v=O-AzIGmCFxc,33.94,56.4,data/choruses/Morgan_Wallen_Whered_That_Girl_Go.wav
Ariana Grande,eternal sunshine,the boy is mine,1,Ariana Grande - the boy is mine (lyric visualizer),https://www.youtube.com/watch?v=ZqCWXdZFc58,39.42,69.01,data/choruses/Ariana_Grande_the_boy_is_mine.wav
Ed Sheeran,No.6 Collaborations Project,Antisocial,1,Ed Sheeran & Travis Scott - Antisocial [Official Lyric Video],https://www.youtube.com/watch?v=s6qzA0gyrh8,56.27,68.9,data/choruses/Ed_Sheeran_Antisocial.wav
Jason Aldean,Songs About Us,What’s a Little Heartache,0,Jason Aldean - What's A Little Heartache (Official Audio),https://www.youtube.com/watch?v=DU2sdKWLDmA,34.38,57.12,data/choruses/Jason_Aldean_Whats_a_Little_Heartache.wav
Drake,ICEMAN,Make Them Cry,1,Make Them Cry,https://www.youtube.com/watch?v=uxNuuys19XE,104.12,117.95,data/choruses/Drake_Make_Them_Cry.wav
Taylor Swift,The Life of a Showgirl,Father Figure,1,Taylor Swift – Father Figure,https://www.youtube.com/watch?v=A_UxhrihxNk,29.14,44.48,data/choruses/Taylor_Swift_Father_Figure.wav
Ariana Grande,Sweetener,God is a woman,1,Ariana Grande - God is a woman (Official Audio),https://www.youtube.com/watch?v=m0RMeRET-zQ,57.12,70.39,data/choruses/Ariana_Grande_God_is_a_woman.wav
Jason Aldean,Relentless,Relentless,0,Jason Aldean - Relentless (Official Audio),https://www.youtube.com/watch?v=hcqCvHEjNOs,39.94,58.73,data/choruses/Jason_Aldean_Relentless.wav
Jason Aldean,Night Train,I Don’t Do Lonely Well,0,Jason Aldean - I Don't Do Lonely Well (Audio Only),https://www.youtube.com/watch?v=sMlmitDH8lo,39.35,72.86,data/choruses/Jason_Aldean_I_Dont_Do_Lonely_Well.wav
Drake,ICEMAN,Dust,1,Dust,https://www.youtube.com/watch?v=cdpofb3Pzx8,31.99,46.49,data/choruses/Drake_Dust.wav
Ariana Grande,My Everything,My Everything,0,My Everything,https://www.youtube.com/watch?v=HxWSDUC-KTU,39.98,81.6,data/choruses/Ariana_Grande_My_Everything.wav
Drake,$ome $exy $ongs 4 U,GIMME A HUG,1,PARTYNEXTDOOR & DRAKE - GIMME A HUG (Official Lyric Video),https://www.youtube.com/watch?v=Ga8vFYYC9cY,139.39,152.8,data/choruses/Drake_GIMME_A_HUG.wav
Luke Bryan,Mind of a Country Boy,I’m on a Tractor,0,Luke Bryan - I’m On A Tractor (Official Audio Video),https://www.youtube.com/watch?v=uQMRPsoiDnc,42.53,71.67,data/choruses/Luke_Bryan_Im_on_a_Tractor.wav
Morgan Wallen,Dangerous: The Double Album,Cover Me Up,1,Morgan Wallen - Cover Me Up (Audio Only),https://www.youtube.com/watch?v=1RnChOf8RTs,57.98,80.48,data/choruses/Morgan_Wallen_Cover_Me_Up.wav
Drake,Take Care,Make Me Proud,1,Make Me Proud,https://www.youtube.com/watch?v=vtEL0uKO4tA,58.2,72.75,data/choruses/Drake_Make_Me_Proud.wav
Drake,ICEMAN,Shabang,1,Shabang,https://www.youtube.com/watch?v=alREBKH_AJg,0.01,28.71,data/choruses/Drake_Shabang.wav
Luke Bryan,Mind of a Country Boy,"Love You, Miss You, Mean It",1,"Luke Bryan - Love You, Miss You, Mean It (Official Audio)",https://www.youtube.com/watch?v=KEgILEsgyN0,40.21,72.58,data/choruses/Luke_Bryan_Love_You_Miss_You_Mean_It.wav
Drake,Nothing Was the Same,305 to My City,0,305 To My City,https://www.youtube.com/watch?v=ceC1KsXV_jU,19.2,38.38,data/choruses/Drake_305_to_My_City.wav
Ed Sheeran,÷,Castle on the Hill,1,Ed Sheeran - Castle On The Hill [Official Lyric Video],https://www.youtube.com/watch?v=7Qp5vcuMIlk,53.42,68.08,data/choruses/Ed_Sheeran_Castle_on_the_Hill.wav
Drake,Scorpion,That’s How You Feel,1,That’s How You Feel,https://www.youtube.com/watch?v=SlW7cZC4-Hw,56.13,77.19,data/choruses/Drake_Thats_How_You_Feel.wav
Drake,$ome $exy $ongs 4 U,SMALL TOWN FAME,1,Drake & PARTYNEXTDOOR - SMALL TOWN FAME (Lyrics),https://www.youtube.com/watch?v=efVeDy6QL1w,38.49,67.28,data/choruses/Drake_SMALL_TOWN_FAME.wav
Taylor Swift,Fearless,Fearless,1,Taylor Swift - Fearless (Taylor's Version) (Lyric Video),https://www.youtube.com/watch?v=7lLigiVgJsE,68.04,96.84,data/choruses/Taylor_Swift_Fearless.wav
Drake,Nothing Was the Same,All Me,1,All Me,https://www.youtube.com/watch?v=15pXs8puB8Y,251.81,267.31,data/choruses/Drake_All_Me.wav
Taylor Swift,THE TORTURED POETS DEPARTMENT,Down Bad,1,Taylor Swift - Down Bad (Official Lyric Video),https://www.youtube.com/watch?v=EVbtjaWXQVg,57.22,78.22,data/choruses/Taylor_Swift_Down_Bad.wav
Jason Aldean,Jason Aldean,Hicktown,1,Jason Aldean - Hicktown (Official Audio),https://www.youtube.com/watch?v=HPV2DHTUk3g,45.74,72.9,data/choruses/Jason_Aldean_Hicktown.wav
Drake,Certified Lover Boy,N 2 Deep,1,Drake - N 2 Deep (Audio) ft. Future,https://www.youtube.com/watch?v=Oh-Al70frOc,60.73,74.91,data/choruses/Drake_N_2_Deep.wav
Ed Sheeran,÷,Shape of You,1,Ed Sheeran - Shape Of You [Official Lyric Video],https://www.youtube.com/watch?v=_dK2tDK9grQ,50.31,70.31,data/choruses/Ed_Sheeran_Shape_of_You.wav
Ariana Grande,My Everything,Break Free,1,Ariana Grande - Break Free feat. Zedd (Audio),https://www.youtube.com/watch?v=2Ek3WMM7I-0,51.89,74.04,data/choruses/Ariana_Grande_Break_Free.wav
Luke Bryan,Doin’ My Thing,Drinkin’ Beer and Wastin’ Bullets,0,Drinkin' Beer And Wastin' Bullets,https://www.youtube.com/watch?v=tvl1-yGwrH4,34.47,54.49,data/choruses/Luke_Bryan_Drinkin_Beer_and_Wastin_Bullets.wav
Drake,Views,Childs Play,1,Drake - Childs Play,https://www.youtube.com/watch?v=agVJ1MvM9GA,97.96,145.96,data/choruses/Drake_Childs_Play.wav
Morgan Wallen,One Thing at a Time,Last Drive Down Main,1,Morgan Wallen - Last Drive Down Main (Lyric Video),https://www.youtube.com/watch?v=Of-q-yQ6QdI,60.21,84.22,data/choruses/Morgan_Wallen_Last_Drive_Down_Main.wav
Taylor Swift,Lover,ME!,1,Taylor Swift - ME! (feat. Brendon Urie of Panic! At The Disco) (Lyric Video) ft. Brendon Urie,https://www.youtube.com/watch?v=S--WI8PUVVo,35.11,56.21,data/choruses/Taylor_Swift_ME.wav
Taylor Swift,Red,We Are Never Ever Getting Back Together,1,Taylor Swift - We Are Never Ever Getting Back Together (Official Audio),https://www.youtube.com/watch?v=kbvuVSnxNps,39.31,67.21,data/choruses/Taylor_Swift_We_Are_Never_Ever_Getting_Back_Together.wav
Ariana Grande,"thank u, next",in my head,1,Ariana Grande - in my head (Official Audio),https://www.youtube.com/watch?v=6GcpNvYFMGE,58.92,76.69,data/choruses/Ariana_Grande_in_my_head.wav
Ed Sheeran,+,The A Team,1,Ed Sheeran - The A Team (Lyric Video),https://www.youtube.com/watch?v=yJojXtTLFOU,62.13,90.36,data/choruses/Ed_Sheeran_The_A_Team.wav
Drake,Certified Lover Boy,Pipe Down,1,Drake - Pipe Down (Audio),https://www.youtube.com/watch?v=ZIu-V_xEehs,29.49,52.76,data/choruses/Drake_Pipe_Down.wav
Taylor Swift,Red,Starlight,0,Taylor Swift - Starlight (Taylor's Version) (Lyric Video),https://www.youtube.com/watch?v=lPvcwgEuKTg,2.38,27.62,data/choruses/Taylor_Swift_Starlight.wav
Morgan Wallen,I’m the Problem,TN,1,Morgan Wallen - TN,https://www.youtube.com/watch?v=EZYzRndsE7U,36.31,49.37,data/choruses/Morgan_Wallen_TN.wav
Morgan Wallen,One Thing at a Time,Single Than She Was,1,Morgan Wallen - Single Than She Was (Lyric Video),https://www.youtube.com/watch?v=eG4RvQbdAjc,34.72,51.71,data/choruses/Morgan_Wallen_Single_Than_She_Was.wav
Ed Sheeran,Play,Slowly,0,Ed Sheeran - Slowly [Lyric Video],https://www.youtube.com/watch?v=ctOgZY9zLDM,47.84,65.12,data/choruses/Ed_Sheeran_Slowly.wav
Jason Aldean,MACON,Heaven,0,Jason Aldean - Heaven (Official Audio),https://www.youtube.com/watch?v=Nj-0I9ZRI3A,47.13,61.03,data/choruses/Jason_Aldean_Heaven.wav
Ariana Grande,"thank u, next",bloodline,1,Ariana Grande - bloodline (Audio),https://www.youtube.com/watch?v=uKqRAC-JNOM,46.29,71.56,data/choruses/Ariana_Grande_bloodline.wav
Taylor Swift,Red,Stay Stay Stay,1,Taylor Swift - Stay Stay Stay (Taylor's Version) (Lyric Video),https://www.youtube.com/watch?v=OhJ-S9Nrh7Q,56.61,77.02,data/choruses/Taylor_Swift_Stay_Stay_Stay.wav
Morgan Wallen,One Thing at a Time,Whiskey Friends,1,Morgan Wallen - Whiskey Friends (Lyric Video),https://www.youtube.com/watch?v=1fkLxquK9eE,40.77,54.29,data/choruses/Morgan_Wallen_Whiskey_Friends.wav
Luke Bryan,Tailgates & Tanlines,Too Damn Young,0,Too Damn Young,https://www.youtube.com/watch?v=3gqTjP1svHM,41.96,55.86,data/choruses/Luke_Bryan_Too_Damn_Young.wav
Jason Aldean,Jason Aldean,You’re the Love I Wanna Be In,0,Jason Aldean - You're The Love I Wanna Be In (Official Audio),https://www.youtube.com/watch?v=f2s6iSirZgM,49.08,73.51,data/choruses/Jason_Aldean_Youre_the_Love_I_Wanna_Be_In.wav
Jason Aldean,They Don’t Know,The Way a Night Should Feel,0,Jason Aldean - The Way A Night Should Feel (Audio),https://www.youtube.com/watch?v=7-Woy69WD3c,35.85,68.94,data/choruses/Jason_Aldean_The_Way_a_Night_Should_Feel.wav
Morgan Wallen,Dangerous: The Double Album,Heartless (Wallen album mix),0,Heartless (Wallen Album Mix),https://www.youtube.com/watch?v=vdzppIxv2fg,33.94,60.7,data/choruses/Morgan_Wallen_Heartless_Wallen_album_mix.wav
Taylor Swift,Lover,The Man,1,Taylor Swift - The Man (Official Audio),https://www.youtube.com/watch?v=pHoHDNxay3A,27.41,53.59,data/choruses/Taylor_Swift_The_Man.wav
Drake,Views,With You,1,Drake - With You ft. PARTYNEXTDOOR,https://www.youtube.com/watch?v=SDgvuYgU5Mk,138.78,165.03,data/choruses/Drake_With_You.wav
Drake,HABIBTI,White Bone,1,DRAKE -  WHITE BONE,https://www.youtube.com/watch?v=wVR6BaKRWv0,0.01,20.91,data/choruses/Drake_White_Bone.wav
Jason Aldean,Highway Desperado,Rather Watch You,0,Jason Aldean - Rather Watch You (Official Audio),https://www.youtube.com/watch?v=5oCKWqKc3BM,46.9,60.52,data/choruses/Jason_Aldean_Rather_Watch_You.wav
Luke Bryan,Tailgates & Tanlines,I Don’t Want This Night to End,1,Luke Bryan - I Don't Want This Night To End (Official Music Video),https://www.youtube.com/watch?v=-jEDdFm3Nx0,43.38,60.52,data/choruses/Luke_Bryan_I_Dont_Want_This_Night_to_End.wav
Jason Aldean,Relentless,I Break Everything I Touch,0,Jason Aldean - I Break Everything I Touch (Official Audio),https://www.youtube.com/watch?v=mtNql9nM5ek,49.97,72.73,data/choruses/Jason_Aldean_I_Break_Everything_I_Touch.wav
Drake,Take Care,Shot for Me,1,Shot For Me,https://www.youtube.com/watch?v=wc7JPaRV5uU,57.06,70.48,data/choruses/Drake_Shot_for_Me.wav
Taylor Swift,Midnights,Bejeweled,1,Taylor Swift - Bejeweled (Official Music Video),https://www.youtube.com/watch?v=b7QlX3yR2xs,152.42,187.55,data/choruses/Taylor_Swift_Bejeweled.wav
Ariana Grande,petal,kiss me,1,Ariana Grande - kiss me (official visualizer),https://www.youtube.com/watch?v=b-9gJ1Gc8rE,78.82,98.03,data/choruses/Ariana_Grande_kiss_me.wav
Luke Bryan,Doin’ My Thing,I Did It Again,0,I Did It Again,https://www.youtube.com/watch?v=LsIBoOxOFiQ,41.48,73.62,data/choruses/Luke_Bryan_I_Did_It_Again.wav
Ariana Grande,My Everything,Be My Baby,0,Be My Baby,https://www.youtube.com/watch?v=mbxaGzjCXP8,13.55,40.04,data/choruses/Ariana_Grande_Be_My_Baby.wav
Luke Bryan,Kill the Lights,Home Alone Tonight,1,Luke Bryan - Home Alone Tonight ft. Karen Fairchild (Official Lyric Video),https://www.youtube.com/watch?v=ezJBgc_1NNw,34.14,69.7,data/choruses/Luke_Bryan_Home_Alone_Tonight.wav
Taylor Swift,folklore,epiphany,1,Taylor Swift – epiphany (Official Lyric Video),https://www.youtube.com/watch?v=DUnDkI7l9LQ,117.52,130.29,data/choruses/Taylor_Swift_epiphany.wav
Drake,Scorpion,March 14,1,March 14,https://www.youtube.com/watch?v=fTkK9pp4okU,142.01,162.33,data/choruses/Drake_March_14.wav
Drake,Thank Me Later,Fireworks,1,Fireworks,https://www.youtube.com/watch?v=6Bsee5vaBos,67.74,88.62,data/choruses/Drake_Fireworks.wav
Jason Aldean,Relentless,Laughed Until We Cried,1,Jason Aldean - Laughed Until We Cried (Official Audio),https://www.youtube.com/watch?v=zxU8lOEqiuw,42.96,66.94,data/choruses/Jason_Aldean_Laughed_Until_We_Cried.wav
Ed Sheeran,No.6 Collaborations Project,Take Me Back to London,0,Ed Sheeran - Take Me Back To London (feat. Stormzy) [Official Lyric Video],https://www.youtube.com/watch?v=ehQcuKhO5n0,0.2,15.85,data/choruses/Ed_Sheeran_Take_Me_Back_to_London.wav
Drake,Thank Me Later,Unforgettable,0,Unforgettable,https://www.youtube.com/watch?v=prLZbH23VB4,74.98,99.56,data/choruses/Drake_Unforgettable.wav
Ariana Grande,eternal sunshine,imperfect for you,1,Ariana Grande - imperfect for you (lyric visualizer),https://www.youtube.com/watch?v=VtQorLzzbQw,24.22,43.41,data/choruses/Ariana_Grande_imperfect_for_you.wav
Taylor Swift,reputation,Getaway Car,0,Getaway Car,https://www.youtube.com/watch?v=FhPLQVlUiNQ,37.01,73.29,data/choruses/Taylor_Swift_Getaway_Car.wav
Morgan Wallen,If I Know Me,Up Down,1,Morgan Wallen - Up Down (Audio Only) ft. Florida Georgia Line,https://www.youtube.com/watch?v=IFDJ75Oe-GE,45.37,60.14,data/choruses/Morgan_Wallen_Up_Down.wav
Drake,Thank Me Later,Miss Me,1,Drake - Miss Me Ft. Lil Wayne,https://www.youtube.com/watch?v=fuqIsXLSeAM,65.62,91.34,data/choruses/Drake_Miss_Me.wav
Morgan Wallen,Dangerous: The Double Album,Beer Don’t,0,Morgan Wallen - Beer Don't (Official Lyric Video),https://www.youtube.com/watch?v=kuJEUXR0v0I,46.42,60.12,data/choruses/Morgan_Wallen_Beer_Dont.wav
Ariana Grande,"thank u, next",imagine,1,Ariana Grande - imagine (Official Audio),https://www.youtube.com/watch?v=oRcXOnLkM7A,49.67,72.7,data/choruses/Ariana_Grande_imagine.wav
Ariana Grande,Yours Truly,You’ll Never Know,0,You’ll Never Know,https://www.youtube.com/watch?v=VyhQZLZpCEQ,43.77,62.06,data/choruses/Ariana_Grande_Youll_Never_Know.wav
Luke Bryan,Signs,Finders Keepers,1,"Luke Bryan, Luke Combs - Finders Keepers (Audio)",https://www.youtube.com/watch?v=JlQ63XahmJs,39.54,54.54,data/choruses/Luke_Bryan_Finders_Keepers.wav
Ariana Grande,eternal sunshine,don’t wanna break up again,1,Ariana Grande - don't wanna break up again (lyric visualizer),https://www.youtube.com/watch?v=_ZSuyl3BZHY,41.19,60.98,data/choruses/Ariana_Grande_dont_wanna_break_up_again.wav
Morgan Wallen,One Thing at a Time,Born With a Beer in My Hand,1,Morgan Wallen - Born With A Beer In My Hand (Lyric Video),https://www.youtube.com/watch?v=kEDD09hJQvM,47.83,60.8,data/choruses/Morgan_Wallen_Born_With_a_Beer_in_My_Hand.wav
Drake,"Honestly, Nevermind",Massive,1,Drake - Massive,https://www.youtube.com/watch?v=ay1l_u6vltY,106.87,122.23,data/choruses/Drake_Massive.wav
Taylor Swift,Red,Sad Beautiful Tragic,0,Sad Beautiful Tragic,https://www.youtube.com/watch?v=zSa5gEz_6LM,70.99,93.6,data/choruses/Taylor_Swift_Sad_Beautiful_Tragic.wav
Morgan Wallen,Dangerous: The Double Album,Still Goin Down,1,Morgan Wallen - Still Goin Down (Official Lyric Video),https://www.youtube.com/watch?v=3QhHQozncGo,39.73,52.71,data/choruses/Morgan_Wallen_Still_Goin_Down.wav
Drake,For All the Dogs,Bahamas Promises,1,Drake - Bahamas Promises (Audio),https://www.youtube.com/watch?v=oKr9gDBd0qQ,38.72,59.06,data/choruses/Drake_Bahamas_Promises.wav
Morgan Wallen,Dangerous: The Double Album,Warning,1,Morgan Wallen – Warning (Audio Only),https://www.youtube.com/watch?v=zjw6KczssI8,41.27,66.85,data/choruses/Morgan_Wallen_Warning.wav
Ed Sheeran,−,Eyes Closed,1,Ed Sheeran - Eyes Closed (Official Lyric Video),https://www.youtube.com/watch?v=myZistq5lRM,43.87,71.99,data/choruses/Ed_Sheeran_Eyes_Closed.wav
Luke Bryan,What Makes You Country,Light It Up,1,Luke Bryan - Light It Up (Official Audio),https://www.youtube.com/watch?v=8wpUv4I_fQk,36.97,51.74,data/choruses/Luke_Bryan_Light_It_Up.wav
Drake,For All the Dogs,Virginia Beach,1,Drake - Virginia Beach (Audio),https://www.youtube.com/watch?v=k20wnICXpps,48.06,78.58,data/choruses/Drake_Virginia_Beach.wav
Drake,$ome $exy $ongs 4 U,NOKIA,1,Drake - NOKIA (Lyrics),https://www.youtube.com/watch?v=d0wr9P7Heh8,18.6,34.32,data/choruses/Drake_NOKIA.wav
Luke Bryan,What Makes You Country,Most People Are Gone,0,Luke Bryan - Most People Are Good (Official Audio),https://www.youtube.com/watch?v=Q-KsToawMJE,51.74,64.55,data/choruses/Luke_Bryan_Most_People_Are_Gone.wav
Drake,"Honestly, Nevermind",Calling My Name,1,Drake - Calling My Name (Audio),https://www.youtube.com/watch?v=fhumS5MsRyE,38.77,58.1,data/choruses/Drake_Calling_My_Name.wav
Ed Sheeran,+,Wake Me Up,0,Ed Sheeran - Wake me up [Studio Version],https://www.youtube.com/watch?v=pqc7naB2QBs,141.41,156.41,data/choruses/Ed_Sheeran_Wake_Me_Up.wav
Taylor Swift,Fearless,White Horse,1,Taylor Swift - White Horse (Taylor's Version) (Lyric Video),https://www.youtube.com/watch?v=9-rKvhsjwKU,50.62,65.03,data/choruses/Taylor_Swift_White_Horse.wav
Jason Aldean,GEORGIA,Your Mama,0,Jason Aldean - Your Mama (Official Audio),https://www.youtube.com/watch?v=-0IWj-9UvKU,55.49,68.0,data/choruses/Jason_Aldean_Your_Mama.wav
Taylor Swift,Red,The Last Time,0,Taylor Swift - The Last Time (Taylor's Version) (Lyric Video) ft. Gary Lightbody,https://www.youtube.com/watch?v=pCH4QrSx2Jg,67.93,92.19,data/choruses/Taylor_Swift_The_Last_Time.wav
Ariana Grande,eternal sunshine,we can’t be friends (wait for your love),1,Ariana Grande - we can't be friends (wait for your love) (Official Lyric Video),https://www.youtube.com/watch?v=DhK0fZ_hs04,38.23,64.08,data/choruses/Ariana_Grande_we_cant_be_friends_wait_for_your_love.wav
Ed Sheeran,÷,Hearts Don’t Break Around Here,1,Ed Sheeran - Hearts Don't Break Round Here [Official Audio],https://www.youtube.com/watch?v=20pAJPNaAyw,27.55,40.42,data/choruses/Ed_Sheeran_Hearts_Dont_Break_Around_Here.wav
Jason Aldean,Wide Open,The Truth,1,Jason Aldean - The Truth (Official Audio),https://www.youtube.com/watch?v=stdMf91x1Rs,55.24,68.65,data/choruses/Jason_Aldean_The_Truth.wav
Jason Aldean,"Old Boots, New Dirt",Show You Off,0,Jason Aldean - Show You Off (Audio),https://www.youtube.com/watch?v=BW9mIBr2ORA,43.56,56.2,data/choruses/Jason_Aldean_Show_You_Off.wav
Jason Aldean,Relentless,My Memory Ain’t What It Used to Be,0,Jason Aldean - My Memory Ain't What It Used To Be (Official Audio),https://www.youtube.com/watch?v=B9rJyjcAjdw,39.14,51.78,data/choruses/Jason_Aldean_My_Memory_Aint_What_It_Used_to_Be.wav
Taylor Swift,Speak Now,The Story of Us,1,Taylor Swift - The Story Of Us (Taylor's Version) (Lyric Video),https://www.youtube.com/watch?v=pRhWAXg4xek,58.49,72.2,data/choruses/Taylor_Swift_The_Story_of_Us.wav
Jason Aldean,Night Train,Feel That Again,0,Jason Aldean - Feel That Again (Official Audio),https://www.youtube.com/watch?v=ujY9EeNRWsc,56.7,86.5,data/choruses/Jason_Aldean_Feel_That_Again.wav
Ed Sheeran,−,No Strings,0,Ed Sheeran - No Strings [Official Lyric Video],https://www.youtube.com/watch?v=DdAnehkoI6I,25.35,60.16,data/choruses/Ed_Sheeran_No_Strings.wav
Taylor Swift,folklore,seven,1,Taylor Swift – seven (Official Lyric Video),https://www.youtube.com/watch?v=pEY-GPsru_E,42.07,62.28,data/choruses/Taylor_Swift_seven.wav
Morgan Wallen,Dangerous: The Double Album,Blame It on Me,0,Morgan Wallen – Blame It On Me (Audio Only),https://www.youtube.com/watch?v=OYNsGhOAEls,26.82,52.62,data/choruses/Morgan_Wallen_Blame_It_on_Me.wav
Morgan Wallen,One Thing at a Time,Good Girl Gone Missin’,1,Morgan Wallen - Good Girl Gone Missin’ (Lyric Video),https://www.youtube.com/watch?v=OLteQpwC5_4,36.51,64.42,data/choruses/Morgan_Wallen_Good_Girl_Gone_Missin.wav
Jason Aldean,Highway Desperado,Try That in a Small Town,1,Jason Aldean - Try That In A Small Town (Official Audio),https://www.youtube.com/watch?v=Z78VT2yf3WQ,42.61,68.9,data/choruses/Jason_Aldean_Try_That_in_a_Small_Town.wav
Drake,$ome $exy $ongs 4 U,SPIDER-MAN SUPERMAN,1,"PARTYNEXTDOOR, Drake - SPIDER-MAN SUPERMAN",https://www.youtube.com/watch?v=i-DK2XUsKuw,59.49,85.36,data/choruses/Drake_SPIDER-MAN_SUPERMAN.wav
Drake,Nothing Was the Same,Tuscan Leather,1,Tuscan Leather,https://www.youtube.com/watch?v=aQ84e2ftyIg,89.98,102.0,data/choruses/Drake_Tuscan_Leather.wav
Drake,Scorpion,Don’t Matter to Me,1,Drake - Don't Matter To Me ft. Michael Jackson (Audio),https://www.youtube.com/watch?v=25hfG2XhTPw,60.92,74.91,data/choruses/Drake_Dont_Matter_to_Me.wav
Luke Bryan,I'll Stay Me,Country Man,1,Luke Bryan - Country Man (Official Music Video),https://www.youtube.com/watch?v=QCXiUC12YnA,33.21,48.72,data/choruses/Luke_Bryan_Country_Man.wav
Drake,Take Care,Take Care,1,Drake - Take Care ft. Rihanna,https://www.youtube.com/watch?v=-zzP29emgpg,62.95,86.54,data/choruses/Drake_Take_Care.wav
Ed Sheeran,Play,Camera,1,Ed Sheeran - Camera [Lyric Video],https://www.youtube.com/watch?v=8cDeR2cpBYU,51.48,82.34,data/choruses/Ed_Sheeran_Camera.wav
Jason Aldean,Rearview Town,Set It Off,0,Jason Aldean - Set It Off (Official Audio),https://www.youtube.com/watch?v=NVJLuwoKuQE,26.23,48.34,data/choruses/Jason_Aldean_Set_It_Off.wav
Drake,$ome $exy $ongs 4 U,PIMMIE’S DILEMMA,1,PIMMIE'S DILEMMA (Official Visualizer),https://www.youtube.com/watch?v=g-EublArIYo,58.19,84.05,data/choruses/Drake_PIMMIES_DILEMMA.wav
Jason Aldean,9,Cowboy Killer,0,Jason Aldean - Cowboy Killer (Official Audio),https://www.youtube.com/watch?v=xlkesDqVgr4,32.49,63.44,data/choruses/Jason_Aldean_Cowboy_Killer.wav
Luke Bryan,What Makes You Country,Drinking Again,0,Luke Bryan - Drinking Again (Official Audio),https://www.youtube.com/watch?v=5iNp-yauYJ8,47.36,68.02,data/choruses/Luke_Bryan_Drinking_Again.wav
Drake,For All the Dogs,Away From Home,1,Drake - Away From Home (Audio),https://www.youtube.com/watch?v=DYh6CJWdSHY,92.31,113.59,data/choruses/Drake_Away_From_Home.wav
Ariana Grande,Yours Truly,Honeymoon Avenue,0,Honeymoon Avenue,https://www.youtube.com/watch?v=_tJM74eZy04,84.26,100.57,data/choruses/Ariana_Grande_Honeymoon_Avenue.wav
Luke Bryan,Mind of a Country Boy,She’s Still Got It,0,Luke Bryan - She’s Still Got It (Official Audio Video),https://www.youtube.com/watch?v=At0DL0jGzuQ,33.22,46.74,data/choruses/Luke_Bryan_Shes_Still_Got_It.wav
Drake,Certified Lover Boy,Fountains,1,Drake - Fountains (Audio) ft. Tems,https://www.youtube.com/watch?v=pwtWYFUwenE,58.86,76.86,data/choruses/Drake_Fountains.wav
Morgan Wallen,I’m the Problem,Number 3 and Number 7,1,"Morgan Wallen, Eric Church - Number 3 and Number 7 (Audio)",https://www.youtube.com/watch?v=5V9l6v9peVw,37.52,59.84,data/choruses/Morgan_Wallen_Number_3_and_Number_7.wav
Luke Bryan,Tailgates & Tanlines,Muckalee Creek Water,0,Muckalee Creek Water,https://www.youtube.com/watch?v=_4WY7hviep8,42.86,56.96,data/choruses/Luke_Bryan_Muckalee_Creek_Water.wav
Ed Sheeran,=,Be Right Now,0,Ed Sheeran - Be Right Now [Official Lyric Video],https://www.youtube.com/watch?v=mqjoCX4OU0w,49.48,63.13,data/choruses/Ed_Sheeran_Be_Right_Now.wav
Taylor Swift,THE TORTURED POETS DEPARTMENT,Who’s Afraid of Little Old Me?,1,Taylor Swift - Who’s Afraid of Little Old Me? (Official Lyric Video),https://www.youtube.com/watch?v=vOZFiX6hDXQ,139.7,158.21,data/choruses/Taylor_Swift_Whos_Afraid_of_Little_Old_Me.wav
Ed Sheeran,Play,A Little More,0,A Little More,https://www.youtube.com/watch?v=AuS12z0_-qw,36.4,52.33,data/choruses/Ed_Sheeran_A_Little_More.wav
Jason Aldean,Highway Desperado,Get Away From You,0,Jason Aldean - Get Away From You (Official Audio),https://www.youtube.com/watch?v=9SNjFuh8ixE,53.05,68.17,data/choruses/Jason_Aldean_Get_Away_From_You.wav
Ed Sheeran,×,Photograph,1,Ed Sheeran - Photograph (Official Lyric Video),https://www.youtube.com/watch?v=KKQl-pIRQMY,70.53,92.41,data/choruses/Ed_Sheeran_Photograph.wav
Jason Aldean,They Don’t Know,A Little More Summertime,1,Jason Aldean - A Little More Summertime (Official Video),https://www.youtube.com/watch?v=UGU7EsjOAwk,58.24,86.82,data/choruses/Jason_Aldean_A_Little_More_Summertime.wav
Ariana Grande,My Everything,Why Try,0,Ariana Grande - Why Try (Lyrics),https://www.youtube.com/watch?v=LkfGDzWUrdw,30.34,53.58,data/choruses/Ariana_Grande_Why_Try.wav
Jason Aldean,Highway Desperado,I’m Over You,0,Jason Aldean - I'm Over You (Official Audio),https://www.youtube.com/watch?v=OJuLREfaGM8,36.98,64.67,data/choruses/Jason_Aldean_Im_Over_You.wav
Jason Aldean,Songs About Us,Songs About Us,0,Jason Aldean and Luke Bryan - Songs About Us (Official Audio),https://www.youtube.com/watch?v=_2iUc9LSGnk,22.45,48.82,data/choruses/Jason_Aldean_Songs_About_Us.wav
Ariana Grande,"thank u, next",7 rings,1,Ariana Grande - 7 rings (Audio),https://www.youtube.com/watch?v=M84fFXooS5w,41.83,55.54,data/choruses/Ariana_Grande_7_rings.wav
Ariana Grande,My Everything,Hands on Me,0,Hands On Me,https://www.youtube.com/watch?v=Squi8kxchFA,30.0,59.39,data/choruses/Ariana_Grande_Hands_on_Me.wav
Taylor Swift,reputation,King of My Heart,0,King Of My Heart,https://www.youtube.com/watch?v=5U7bF68xcRg,38.67,56.95,data/choruses/Taylor_Swift_King_of_My_Heart.wav
Ed Sheeran,×,The Man,0,Ed Sheeran - The Man [Official Audio],https://www.youtube.com/watch?v=i2e3bAdPGAo,54.93,76.19,data/choruses/Ed_Sheeran_The_Man.wav
Morgan Wallen,If I Know Me,If I Know Me,0,Morgan Wallen - If I Know Me (Audio Only),https://www.youtube.com/watch?v=ESKKTjYhMI0,29.01,67.41,data/choruses/Morgan_Wallen_If_I_Know_Me.wav
Luke Bryan,Mind of a Country Boy,Kansas,0,Luke Bryan - Kansas (Official Audio Video),https://www.youtube.com/watch?v=xTS6iV0SdH8,32.92,49.19,data/choruses/Luke_Bryan_Kansas.wav
Drake,Nothing Was the Same,Connect,0,Connect - Drake,https://www.youtube.com/watch?v=j07PrUe1fUo,64.17,76.97,data/choruses/Drake_Connect.wav
Taylor Swift,folklore,august,1,Taylor Swift – august (Official Lyric Video),https://www.youtube.com/watch?v=nn_0zPAfyo8,27.17,48.5,data/choruses/Taylor_Swift_august.wav
Morgan Wallen,I’m the Problem,Eyes Are Closed,1,Morgan Wallen - Eyes Are Closed,https://www.youtube.com/watch?v=mi7nMc0iGPk,38.06,50.45,data/choruses/Morgan_Wallen_Eyes_Are_Closed.wav
Jason Aldean,Highway Desperado,Whose Rearview,0,Jason Aldean - Whose Rearview (Official Audio),https://www.youtube.com/watch?v=ob39ZL0lwos,40.16,70.16,data/choruses/Jason_Aldean_Whose_Rearview.wav
Taylor Swift,The Life of a Showgirl,The Fate of Ophelia,1,Taylor Swift - The Fate of Ophelia (Official Music Video),https://www.youtube.com/watch?v=ko70cExuzZM,54.9,74.26,data/choruses/Taylor_Swift_The_Fate_of_Ophelia.wav
Jason Aldean,Relentless,Who’s Kissing You Tonight,0,Jason Aldean - Who's Kissing You Tonight (Official Audio),https://www.youtube.com/watch?v=BP36Tb_Gjm4,35.03,61.46,data/choruses/Jason_Aldean_Whos_Kissing_You_Tonight.wav
Drake,Views,Redemption,1,Drake - Redemption,https://www.youtube.com/watch?v=HsnA3Kc9LZU,39.1,55.1,data/choruses/Drake_Redemption.wav
Jason Aldean,9,Tattoos and Tequila,0,Jason Aldean - Tattoos and Tequila (Official Audio),https://www.youtube.com/watch?v=fIYw6KxzTvo,38.48,71.21,data/choruses/Jason_Aldean_Tattoos_and_Tequila.wav
Ed Sheeran,÷,What Do I Know?,1,Ed Sheeran - What Do I Know? [Official Audio],https://www.youtube.com/watch?v=6B9J3lEyffA,33.46,50.15,data/choruses/Ed_Sheeran_What_Do_I_Know.wav
Jason Aldean,9,One for the Road,0,Jason Aldean - One for the Road (Official Audio),https://www.youtube.com/watch?v=wcW-CE8lQ2s,33.41,46.56,data/choruses/Jason_Aldean_One_for_the_Road.wav
Jason Aldean,MACON,If I Didn’t Love You,1,Jason Aldean & Carrie Underwood - If I Didn't Love You (Official Audio),https://www.youtube.com/watch?v=0Mit0hwcSG0,40.55,73.17,data/choruses/Jason_Aldean_If_I_Didnt_Love_You.wav
Jason Aldean,My Kinda Party,Don’t You Wanna Stay,1,Jason Aldean - Don't You Wanna Stay (Official Audio),https://www.youtube.com/watch?v=yhC7YhGDnzg,37.06,63.72,data/choruses/Jason_Aldean_Dont_You_Wanna_Stay.wav
Drake,Certified Lover Boy,TSU,1,Drake - TSU (Audio),https://www.youtube.com/watch?v=fhEqtynX_xc,32.75,44.98,data/choruses/Drake_TSU.wav
Luke Bryan,Mind of a Country Boy,Mind of a Country Boy,0,Luke Bryan - Mind Of A Country Boy (Official Audio),https://www.youtube.com/watch?v=_y6KIMgis4k,38.32,72.11,data/choruses/Luke_Bryan_Mind_of_a_Country_Boy.wav
Drake,"Honestly, Nevermind",Jimmy Cooks,1,Drake - Jimmy Cooks (Audio) ft. 21 Savage,https://www.youtube.com/watch?v=V7UgPHjN9qE,74.79,87.1,data/choruses/Drake_Jimmy_Cooks.wav
Morgan Wallen,Dangerous: The Double Album,Country A$$ Shit,0,Morgan Wallen - Country A$$ Shit (Official Lyric Video),https://www.youtube.com/watch?v=QRlWEl1LFfk,43.41,57.32,data/choruses/Morgan_Wallen_Country_A_Shit.wav
Morgan Wallen,Dangerous: The Double Album,7 Summers,1,Morgan Wallen - 7 Summers (Audio Only),https://www.youtube.com/watch?v=3-vsF0sHVRA,37.57,52.88,data/choruses/Morgan_Wallen_7_Summers.wav
Jason Aldean,My Kinda Party,I Ain’t Ready to Quit,0,Jason Aldean - I Ain't Ready To Quit (Official Audio),https://www.youtube.com/watch?v=aKJbAPhCJSw,60.51,94.47,data/choruses/Jason_Aldean_I_Aint_Ready_to_Quit.wav
Morgan Wallen,If I Know Me,Happy Hour,0,Morgan Wallen - Happy Hour (Audio Only),https://www.youtube.com/watch?v=6iKrdfvXxzI,39.98,74.26,data/choruses/Morgan_Wallen_Happy_Hour.wav
Morgan Wallen,Dangerous: The Double Album,Outlaw,1,Morgan Wallen – Outlaw (feat. Ben Burgess) (Audio Only),https://www.youtube.com/watch?v=n74iQQBwjYA,44.2,66.79,data/choruses/Morgan_Wallen_Outlaw.wav
Morgan Wallen,Dangerous: The Double Album,Whiskey’d My Way,1,Morgan Wallen - Whiskey'd My Way (Official Lyric Video),https://www.youtube.com/watch?v=XDKFIYZpUR0,38.86,64.03,data/choruses/Morgan_Wallen_Whiskeyd_My_Way.wav
Luke Bryan,Crash My Party,Dirt Road Diary,0,Dirt Road Diary,https://www.youtube.com/watch?v=3LXJvU-XdYo,46.86,59.93,data/choruses/Luke_Bryan_Dirt_Road_Diary.wav
Jason Aldean,My Kinda Party,Days Like These,0,Jason Aldean - Days Like These (Official Audio),https://www.youtube.com/watch?v=psO0C5f544A,52.42,80.46,data/choruses/Jason_Aldean_Days_Like_These.wav
Morgan Wallen,Dangerous: The Double Album,Wasted on You,1,Morgan Wallen – Wasted On You (Audio Only),https://www.youtube.com/watch?v=KE35_SlTdn4,44.77,67.42,data/choruses/Morgan_Wallen_Wasted_on_You.wav
Taylor Swift,Midnights,Karma,1,Karma,https://www.youtube.com/watch?v=pzVYSfzNQ5Y,42.82,66.15,data/choruses/Taylor_Swift_Karma.wav
Drake,Views,U With Me?,1,Drake - U With Me?,https://www.youtube.com/watch?v=zrgH95-sqls,91.97,108.11,data/choruses/Drake_U_With_Me.wav
Taylor Swift,evermore,dorothea,1,Taylor Swift - dorothea (Official Lyric Video),https://www.youtube.com/watch?v=zI4DS5GmQWE,72.52,88.52,data/choruses/Taylor_Swift_dorothea.wav
Ed Sheeran,+,Give Me Love / The Parting Glass,0,Ed Sheeran - Give Me Love (Lyric Video),https://www.youtube.com/watch?v=vEXov2oID7U,54.62,71.09,data/choruses/Ed_Sheeran_Give_Me_Love_The_Parting_Glass.wav
Jason Aldean,Songs About Us,Dust on the Bottle,0,Jason Aldean and David Lee Murphy - Dust on the Bottle (Official Audio),https://www.youtube.com/watch?v=E0jesRcUH1c,38.6,67.4,data/choruses/Jason_Aldean_Dust_on_the_Bottle.wav
Taylor Swift,Speak Now,Haunted,1,Haunted,https://www.youtube.com/watch?v=oPt6-3yWGjU,60.8,96.35,data/choruses/Taylor_Swift_Haunted.wav
Jason Aldean,GEORGIA,Rock and Roll Cowboy,0,"Jason Aldean ""Rock And Roll Cowboy"" (Official Audio)",https://www.youtube.com/watch?v=RzlWbxvC40o,39.24,52.59,data/choruses/Jason_Aldean_Rock_and_Roll_Cowboy.wav
Morgan Wallen,Dangerous: The Double Album,Me on Whiskey,0,Morgan Wallen – Me On Whiskey (Audio Only),https://www.youtube.com/watch?v=UWLjrE0dIdw,40.91,54.43,data/choruses/Morgan_Wallen_Me_on_Whiskey.wav
Jason Aldean,My Kinda Party,Church Pew or Bar Stool,0,Jason Aldean - Church Pew Or Bar Stool (Official Audio),https://www.youtube.com/watch?v=etvZ_jlz9j8,54.34,67.58,data/choruses/Jason_Aldean_Church_Pew_or_Bar_Stool.wav
Taylor Swift,Lover,Daylight,1,Taylor Swift - Daylight (Official Audio),https://www.youtube.com/watch?v=u9raS7-NisU,27.3,52.91,data/choruses/Taylor_Swift_Daylight.wav
Taylor Swift,Red,Red,1,Taylor Swift - Red (Taylor's Version) (Lyric Video),https://www.youtube.com/watch?v=R_rUYuFtNO4,37.68,54.0,data/choruses/Taylor_Swift_Red.wav
Drake,Nothing Was the Same,From Time,1,Drake - From Time (Feat. Jhene Aiko),https://www.youtube.com/watch?v=0M4nKru2H_Q,61.18,81.54,data/choruses/Drake_From_Time.wav
Morgan Wallen,One Thing at a Time,Neon Star (Country Boy Lullaby),1,Morgan Wallen - Neon Star (Country Boy Lullaby) (Lyric Video),https://www.youtube.com/watch?v=0zNFnT20iUs,32.6,53.47,data/choruses/Morgan_Wallen_Neon_Star_Country_Boy_Lullaby.wav
Ariana Grande,"thank u, next",make up,1,Ariana Grande - make up (Official Audio),https://www.youtube.com/watch?v=DOJremEQw88,28.09,41.81,data/choruses/Ariana_Grande_make_up.wav
Taylor Swift,folklore,mad woman,1,Taylor Swift – mad woman (Official Lyric Video),https://www.youtube.com/watch?v=6DP4q_1EgQQ,68.81,87.41,data/choruses/Taylor_Swift_mad_woman.wav
Ed Sheeran,÷,Eraser,1,Ed Sheeran - Eraser [Official Audio],https://www.youtube.com/watch?v=OjGrcJ4lZCc,56.55,91.44,data/choruses/Ed_Sheeran_Eraser.wav
Taylor Swift,THE TORTURED POETS DEPARTMENT,"So Long, London",1,"Taylor Swift - So Long, London (Official Lyric Video)",https://www.youtube.com/watch?v=CCUr2pNJft4,66.43,79.95,data/choruses/Taylor_Swift_So_Long_London.wav
Drake,HABIBTI,High Fives,1,Drake - High Fives,https://www.youtube.com/watch?v=_tlMz8sTFMs,80.59,94.03,data/choruses/Drake_High_Fives.wav
Drake,Thank Me Later,Find Your Love,1,Drake - Find Your Love (Extended Version),https://www.youtube.com/watch?v=Xyv4Bjja8yc,89.73,114.7,data/choruses/Drake_Find_Your_Love.wav
Luke Bryan,Crash My Party,We Run This Town,0,We Run This Town,https://www.youtube.com/watch?v=dIf0SK2m9Q4,39.38,67.29,data/choruses/Luke_Bryan_We_Run_This_Town.wav
Drake,Scorpion,Final Fantasy,1,Final Fantasy,https://www.youtube.com/watch?v=R7YrJGdab6w,53.46,82.79,data/choruses/Drake_Final_Fantasy.wav
Ed Sheeran,No.6 Collaborations Project,Remember the Name,1,Ed Sheeran - Remember The Name (feat. Eminem & 50 Cent) [Official Lyric Video],https://www.youtube.com/watch?v=ZX3B953Rc0I,55.64,76.74,data/choruses/Ed_Sheeran_Remember_the_Name.wav
Ariana Grande,My Everything,Love Me Harder,1,"Ariana Grande, The Weeknd - Love Me Harder (Official Lyric Video)",https://www.youtube.com/watch?v=szGomck3sZI,41.56,71.28,data/choruses/Ariana_Grande_Love_Me_Harder.wav
Jason Aldean,"Old Boots, New Dirt",If My Truck Could Talk,0,Jason Aldean - If My Truck Could Talk (Audio),https://www.youtube.com/watch?v=Mk4KEDVOCaM,55.08,68.42,data/choruses/Jason_Aldean_If_My_Truck_Could_Talk.wav
Luke Bryan,Doin’ My Thing,Welcome to the Farm,0,Welcome To The Farm,https://www.youtube.com/watch?v=TWvTGeFNRKs,64.23,81.01,data/choruses/Luke_Bryan_Welcome_to_the_Farm.wav
Luke Bryan,Mind of a Country Boy,Fish on the Wall,0,Luke Bryan - Fish On The Wall (Official Audio Video),https://www.youtube.com/watch?v=u73HFUGs5gg,33.94,67.04,data/choruses/Luke_Bryan_Fish_on_the_Wall.wav
Morgan Wallen,One Thing at a Time,Devil Don’t Know,1,Morgan Wallen - Devil Don't Know (Lyric Video),https://www.youtube.com/watch?v=ZdKzbF7j4Zg,41.26,56.62,data/choruses/Morgan_Wallen_Devil_Dont_Know.wav
Taylor Swift,Red,Treacherous,0,Treacherous,https://www.youtube.com/watch?v=VIjEf8bv-7A,52.56,74.38,data/choruses/Taylor_Swift_Treacherous.wav
Jason Aldean,Night Train,This Nothin’ Town,0,Jason Aldean - This Nothin' Town (Audio Only),https://www.youtube.com/watch?v=uhgkIcxOdIU,34.54,68.83,data/choruses/Jason_Aldean_This_Nothin_Town.wav
Drake,Scorpion,Finesse,1,Finesse,https://www.youtube.com/watch?v=yoeOly1sEBw,81.01,101.23,data/choruses/Drake_Finesse.wav
Ed Sheeran,+,Kiss Me,0,Ed Sheeran - Kiss Me [Studio Version],https://www.youtube.com/watch?v=3IUfGfOK3z0,144.44,166.04,data/choruses/Ed_Sheeran_Kiss_Me.wav
Ed Sheeran,÷,Perfect,1,Ed Sheeran - Perfect [Official Lyric Video],https://www.youtube.com/watch?v=iKzRIweSBLA,64.44,79.6,data/choruses/Ed_Sheeran_Perfect.wav
Jason Aldean,Jason Aldean,Even If I Wanted To,0,Jason Aldean - Even If I Wanted To (Official Audio),https://www.youtube.com/watch?v=DhaRebsAIoo,63.66,76.46,data/choruses/Jason_Aldean_Even_If_I_Wanted_To.wav
Drake,Take Care,Practice,0,Practice,https://www.youtube.com/watch?v=JUrDOWj9RUw,54.88,73.17,data/choruses/Drake_Practice.wav
Ed Sheeran,No.6 Collaborations Project,Feels,0,Ed Sheeran - Feels (feat. Young Thug & J Hus) [Official Lyric Video],https://www.youtube.com/watch?v=VMgSLUEbA8Y,0.22,34.13,data/choruses/Ed_Sheeran_Feels.wav
Jason Aldean,They Don’t Know,When the Lights Go Out,0,Jason Aldean - When The Lights Go Out (Audio),https://www.youtube.com/watch?v=FvRKWEeFCWk,36.25,51.04,data/choruses/Jason_Aldean_When_the_Lights_Go_Out.wav
Morgan Wallen,If I Know Me,Whatcha Know ’Bout That,0,Morgan Wallen - Whatcha Know 'Bout That (Audio Only),https://www.youtube.com/watch?v=k3swFEhOJYA,40.76,73.19,data/choruses/Morgan_Wallen_Whatcha_Know_Bout_That.wav
Jason Aldean,9,I Don’t Drink Anymore,0,Jason Aldean - I Don’t Drink Anymore (Official Audio),https://www.youtube.com/watch?v=ZGU0_LEAozo,39.62,55.85,data/choruses/Jason_Aldean_I_Dont_Drink_Anymore.wav
Taylor Swift,folklore,peace,1,Taylor Swift – peace (Official Lyric Video),https://www.youtube.com/watch?v=HpxX4ZE4KWE,92.83,123.91,data/choruses/Taylor_Swift_peace.wav
Drake,Views,Weston Road Flows,1,Drake - Weston Road Flows,https://www.youtube.com/watch?v=D0n84uTDdkY,127.32,150.45,data/choruses/Drake_Weston_Road_Flows.wav
Taylor Swift,1989,Wildest Dreams,1,Taylor Swift - Wildest Dreams (Taylor’s Version) (Official Audio),https://www.youtube.com/watch?v=CUr_UwUUXzU,41.4,55.11,data/choruses/Taylor_Swift_Wildest_Dreams.wav
Ariana Grande,Yours Truly,Baby I,1,Ariana Grande - Baby I,https://www.youtube.com/watch?v=4QkbfSPPUX0,42.52,66.06,data/choruses/Ariana_Grande_Baby_I.wav
Taylor Swift,reputation,This Is Why We Can’t Have Nice Things,0,This Is Why We Can't Have Nice Things,https://www.youtube.com/watch?v=6Z3QJ4L1Bg0,41.2,67.54,data/choruses/Taylor_Swift_This_Is_Why_We_Cant_Have_Nice_Things.wav
Luke Bryan,Crash My Party,Drink a Beer,1,Drink A Beer,https://www.youtube.com/watch?v=fb7ekOiy17M,40.23,57.96,data/choruses/Luke_Bryan_Drink_a_Beer.wav
Drake,$ome $exy $ongs 4 U,SOMEBODY LOVES ME,1,"PARTYNEXTDOOR, Drake - SOMEBODY LOVES ME",https://www.youtube.com/watch?v=htToA3wcFl4,64.73,86.3,data/choruses/Drake_SOMEBODY_LOVES_ME.wav
Drake,Views,One Dance,1,One Dance (feat. WizKid & Kyla) - Drake (Official Audio),https://www.youtube.com/watch?v=FOqKN-ouAUE,94.74,113.21,data/choruses/Drake_One_Dance.wav
Luke Bryan,Kill the Lights,Scarecrows,0,Scarecrows,https://www.youtube.com/watch?v=cbVktN-Cio8,48.7,62.84,data/choruses/Luke_Bryan_Scarecrows.wav
Ed Sheeran,÷,Galway Girl,1,Ed Sheeran - Galway Girl [Official Lyric Video],https://www.youtube.com/watch?v=XjHr-6Zl5P8,80.7,99.9,data/choruses/Ed_Sheeran_Galway_Girl.wav
Taylor Swift,Fearless,Change,1,Taylor Swift - Change (Taylor's Version) (Lyric Video),https://www.youtube.com/watch?v=jwWR1cQTKyw,50.8,69.55,data/choruses/Taylor_Swift_Change.wav
Jason Aldean,My Kinda Party,My Kinda Party,1,Jason Aldean - My Kinda Party (Official Audio),https://www.youtube.com/watch?v=Fzhf1SqQbog,44.7,77.25,data/choruses/Jason_Aldean_My_Kinda_Party.wav
Jason Aldean,Relentless,Grown Woman,0,Jason Aldean - Grown Woman (Official Audio),https://www.youtube.com/watch?v=y_46vLmkHog,64.45,92.75,data/choruses/Jason_Aldean_Grown_Woman.wav
Ariana Grande,Sweetener,no tears left to cry,1,Ariana Grande - No Tears Left To Cry (Audio),https://www.youtube.com/watch?v=Gc9BwDR1KSo,0.91,30.87,data/choruses/Ariana_Grande_no_tears_left_to_cry.wav
Ariana Grande,Dangerous Woman,Leave Me Lonely,0,Leave Me Lonely,https://www.youtube.com/watch?v=-kYVljnA6rI,0.25,33.86,data/choruses/Ariana_Grande_Leave_Me_Lonely.wav
Taylor Swift,The Life of a Showgirl,Honey,1,Honey,https://www.youtube.com/watch?v=wo0xnhTowFE,70.45,108.51,data/choruses/Taylor_Swift_Honey.wav
Jason Aldean,Relentless,I Use What I Got,0,Jason Aldean - I Use What I Got (Official Audio),https://www.youtube.com/watch?v=6ECGMA5yEzM,45.46,68.31,data/choruses/Jason_Aldean_I_Use_What_I_Got.wav
Drake,"Honestly, Nevermind",Liability,1,Drake - Liability,https://www.youtube.com/watch?v=34OkVPaFe4o,53.2,71.48,data/choruses/Drake_Liability.wav
Morgan Wallen,Dangerous: The Double Album,More Than My Hometown,1,Morgan Wallen - More Than My Hometown (Official Music Video),https://www.youtube.com/watch?v=MS82JAkBkDY,49.45,64.69,data/choruses/Morgan_Wallen_More_Than_My_Hometown.wav
Ed Sheeran,Play,The Vow,0,Ed Sheeran - The Vow [Lyric Video],https://www.youtube.com/watch?v=GWaTI0AINMc,46.12,63.27,data/choruses/Ed_Sheeran_The_Vow.wav
Drake,HABIBTI,Hurrr Nor Thurrr,1,Hurrr Nor Thurrr,https://www.youtube.com/watch?v=gO94BTnuIpM,0.27,15.17,data/choruses/Drake_Hurrr_Nor_Thurrr.wav
Drake,Nothing Was the Same,"Hold On, We’re Going Home",1,"Hold On, We're Going Home (feat. Majid Jordan)",https://www.youtube.com/watch?v=Ni6izPw1xSU,77.28,96.48,data/choruses/Drake_Hold_On_Were_Going_Home.wav
Ariana Grande,eternal sunshine,true story,1,Ariana Grande - true story (lyric visualizer),https://www.youtube.com/watch?v=6FEvblq6jzA,0.85,13.96,data/choruses/Ariana_Grande_true_story.wav
Taylor Swift,Taylor Swift,Tim McGraw,1,Taylor Swift - Tim McGraw,https://www.youtube.com/watch?v=GkD20ajVxnY,39.22,83.43,data/choruses/Taylor_Swift_Tim_McGraw.wav
Ariana Grande,Sweetener,R.E.M,1,Ariana Grande - R.E.M. (Official Audio),https://www.youtube.com/watch?v=AVPEP_KSldA,51.73,77.61,data/choruses/Ariana_Grande_REM.wav
Jason Aldean,Night Train,Walking Away,0,Jason Aldean - Walking Away (Official Audio),https://www.youtube.com/watch?v=Mtw9XEcxawY,49.51,74.12,data/choruses/Jason_Aldean_Walking_Away.wav
Morgan Wallen,I’m the Problem,Miami,1,Morgan Wallen - Miami (Audio),https://www.youtube.com/watch?v=7u7ZGG5C6jg,56.69,70.8,data/choruses/Morgan_Wallen_Miami.wav
Taylor Swift,Midnights,Sweet Nothing,1,Taylor Swift - Sweet Nothing (Official Lyric Video),https://www.youtube.com/watch?v=rn0brgg2BpI,103.02,120.19,data/choruses/Taylor_Swift_Sweet_Nothing.wav
Drake,Take Care,Lord Knows,0,Lord Knows,https://www.youtube.com/watch?v=2K8HKbK0KRQ,71.75,94.72,data/choruses/Drake_Lord_Knows.wav
Taylor Swift,Taylor Swift,Stay Beautiful,0,Stay Beautiful,https://www.youtube.com/watch?v=6BOPfGQLUH8,37.02,51.58,data/choruses/Taylor_Swift_Stay_Beautiful.wav
Ariana Grande,Positions,six thirty,1,Ariana Grande - six thirty (official audio),https://www.youtube.com/watch?v=u7GAXfrajHc,40.19,57.19,data/choruses/Ariana_Grande_six_thirty.wav
Ed Sheeran,×,Tenerife Sea,0,Ed Sheeran - Tenerife Sea (Official Lyric Video),https://www.youtube.com/watch?v=2tHes1FQfwU,49.77,65.31,data/choruses/Ed_Sheeran_Tenerife_Sea.wav
Ed Sheeran,Play,For Always,0,Ed Sheeran - For Always [Lyric Video],https://www.youtube.com/watch?v=NtmnOkoKcRo,56.92,70.06,data/choruses/Ed_Sheeran_For_Always.wav
Jason Aldean,Songs About Us,Help You Remember,0,Jason Aldean - Help You Remember (Official Audio),https://www.youtube.com/watch?v=o8xK5q1tXxg,54.23,66.7,data/choruses/Jason_Aldean_Help_You_Remember.wav
Taylor Swift,The Life of a Showgirl,Ruin the Friendship,1,Taylor Swift - Ruin The Friendship (Lyric Video),https://www.youtube.com/watch?v=WQCPl5rTMDQ,37.93,61.93,data/choruses/Taylor_Swift_Ruin_the_Friendship.wav
Taylor Swift,THE TORTURED POETS DEPARTMENT,The Tortured Poets Department,1,Taylor Swift - The Tortured Poets Department (Official Lyric Video),https://www.youtube.com/watch?v=RQMz4JDbtmI,48.07,69.82,data/choruses/Taylor_Swift_The_Tortured_Poets_Department.wav
Luke Bryan,Kill the Lights,Way Way Back,0,Way Way Back,https://www.youtube.com/watch?v=xDoo04h6P2Y,47.1,75.34,data/choruses/Luke_Bryan_Way_Way_Back.wav
Ed Sheeran,×,Bloodstream,0,Ed Sheeran - Bloodstream [Official Audio],https://www.youtube.com/watch?v=XIJHg1XWR7o,73.82,93.21,data/choruses/Ed_Sheeran_Bloodstream.wav
Ed Sheeran,+,Drunk,0,Ed Sheeran - Drunk [Official Music Video],https://www.youtube.com/watch?v=G2fOum_KWQU,59.1,77.11,data/choruses/Ed_Sheeran_Drunk.wav
Taylor Swift,Lover,Cornelia Street,1,Taylor Swift - Cornelia Street (Official Audio),https://www.youtube.com/watch?v=VikHHWrgb4Y,66.6,80.71,data/choruses/Taylor_Swift_Cornelia_Street.wav
Taylor Swift,evermore,ivy,1,Taylor Swift - ivy (Official Lyric Video),https://www.youtube.com/watch?v=9nIOx-ezlzA,33.38,66.42,data/choruses/Taylor_Swift_ivy.wav
Jason Aldean,"Old Boots, New Dirt",Just Gettin’ Started,1,Jason Aldean - Just Gettin' Started (Audio),https://www.youtube.com/watch?v=ymnREOCIVfM,54.18,88.48,data/choruses/Jason_Aldean_Just_Gettin_Started.wav
Taylor Swift,The Life of a Showgirl,Wood,1,Taylor Swift - Wood (Lyric Video),https://www.youtube.com/watch?v=6m50keINEOI,50.01,69.19,data/choruses/Taylor_Swift_Wood.wav
Luke Bryan,What Makes You Country,Hungover in a Hotel Room,0,Luke Bryan - Hungover In A Hotel Room (Official Audio),https://www.youtube.com/watch?v=iI8TEF9Z-yY,56.24,71.24,data/choruses/Luke_Bryan_Hungover_in_a_Hotel_Room.wav
Drake,Thank Me Later,Thank Me Now,0,Thank Me Now,https://www.youtube.com/watch?v=BI2f4BRviiI,0.0,11.98,data/choruses/Drake_Thank_Me_Now.wav
Taylor Swift,Lover,London Boy,1,Taylor Swift - London Boy (Official Audio),https://www.youtube.com/watch?v=VsKoOH6DVys,34.68,62.02,data/choruses/Taylor_Swift_London_Boy.wav
Taylor Swift,evermore,marjorie,1,Taylor Swift - marjorie (Official Lyric Video),https://www.youtube.com/watch?v=hP6QpMeSG6s,103.5,128.5,data/choruses/Taylor_Swift_marjorie.wav
Jason Aldean,Highway Desperado,Whiskey Drink,1,Jason Aldean - Whiskey Drink (Official Audio),https://www.youtube.com/watch?v=7V3Y4C17xPg,42.82,74.82,data/choruses/Jason_Aldean_Whiskey_Drink.wav
Ed Sheeran,×,Nina,0,Ed Sheeran - Nina (Official Lyric Video),https://www.youtube.com/watch?v=EIYszrkjDFc,62.8,83.66,data/choruses/Ed_Sheeran_Nina.wav
Jason Aldean,MACON,After You,0,Jason Aldean - After You (Official Audio),https://www.youtube.com/watch?v=lXSJh50zNsk,44.38,67.75,data/choruses/Jason_Aldean_After_You.wav
Taylor Swift,Lover,It’s Nice to Have a Friend,1,Taylor Swift - It’s Nice To Have A Friend (Official Audio),https://www.youtube.com/watch?v=eaP1VswBF28,96.31,117.73,data/choruses/Taylor_Swift_Its_Nice_to_Have_a_Friend.wav
Luke Bryan,Tailgates & Tanlines,You Don’t Know Jack,0,You Don't Know Jack,https://www.youtube.com/watch?v=CL4CH0nZiZY,34.4,49.22,data/choruses/Luke_Bryan_You_Dont_Know_Jack.wav
Jason Aldean,My Kinda Party,The Heartache That Don’t Stop Hurting,0,Jason Aldean - Heartache That Don't Stop Hurting (Official Audio),https://www.youtube.com/watch?v=PRUWVaIAS20,53.56,66.63,data/choruses/Jason_Aldean_The_Heartache_That_Dont_Stop_Hurting.wav
Morgan Wallen,Dangerous: The Double Album,"Rednecks, Red Letters, Red Dirt",0,"Morgan Wallen – Rednecks, Red Letters, Red Dirt (Audio Only)",https://www.youtube.com/watch?v=st0AejKfgBk,41.39,55.52,data/choruses/Morgan_Wallen_Rednecks_Red_Letters_Red_Dirt.wav
Drake,For All the Dogs,7969 Santa,1,Drake - 7969 Santa (Audio),https://www.youtube.com/watch?v=VBK5gQuYy_U,84.95,104.54,data/choruses/Drake_7969_Santa.wav
Drake,Nothing Was the Same,Pound Cake / Paris Morton Music 2,1,Pound Cake / Paris Morton Music 2,https://www.youtube.com/watch?v=Qz3LK267YVI,0.04,20.58,data/choruses/Drake_Pound_Cake_Paris_Morton_Music_2.wav
Drake,$ome $exy $ongs 4 U,CRYING IN CHANEL,1,Drake - CRYING IN CHANEL (Official Audio),https://www.youtube.com/watch?v=FE0GvNw8uHI,49.95,67.66,data/choruses/Drake_CRYING_IN_CHANEL.wav
Luke Bryan,I'll Stay Me,We Rode in Trucks,0,Luke Bryan - We Rode In Trucks (Official Music Video),https://www.youtube.com/watch?v=3eIntnHarCg,43.81,56.97,data/choruses/Luke_Bryan_We_Rode_in_Trucks.wav
Morgan Wallen,I’m the Problem,Don’t We,1,Morgan Wallen - Don't We (Audio),https://www.youtube.com/watch?v=_yBBvLxIQlQ,30.18,44.61,data/choruses/Morgan_Wallen_Dont_We.wav
Drake,MAID OF HONOUR,Which One,1,Which One,https://www.youtube.com/watch?v=9-dEHfSCZUQ,87.59,101.59,data/choruses/Drake_Which_One.wav
Ed Sheeran,=,Bad Habits,1,Ed Sheeran - Bad Habits [Official Video],https://www.youtube.com/watch?v=orJSJGHjBLI,66.66,81.9,data/choruses/Ed_Sheeran_Bad_Habits.wav
Taylor Swift,THE TORTURED POETS DEPARTMENT,I Can Fix Him (No Really I Can),1,Taylor Swift - I Can Fix Him (No Really I Can) (Official Lyric Video),https://www.youtube.com/watch?v=OKWfv-x2rdU,22.58,45.01,data/choruses/Taylor_Swift_I_Can_Fix_Him_No_Really_I_Can.wav
Jason Aldean,Night Train,Water Tower,0,Jason Aldean - Water Tower (Official Audio),https://www.youtube.com/watch?v=-guscf42rCM,50.47,65.35,data/choruses/Jason_Aldean_Water_Tower.wav
Morgan Wallen,One Thing at a Time,’98 Braves,1,Morgan Wallen - '98 Braves (Lyric Video),https://www.youtube.com/watch?v=NSuP5r8gdog,40.82,54.77,data/choruses/Morgan_Wallen_98_Braves.wav
Jason Aldean,"Old Boots, New Dirt",Two Night Town,1,Jason Aldean - Two Night Town (Audio),https://www.youtube.com/watch?v=chjo0kcXJ8U,67.15,94.19,data/choruses/Jason_Aldean_Two_Night_Town.wav
Jason Aldean,"Old Boots, New Dirt",Miss That Girl,0,Jason Aldean - Miss That Girl (Audio),https://www.youtube.com/watch?v=xZmeX83I9jM,64.77,87.2,data/choruses/Jason_Aldean_Miss_That_Girl.wav
Drake,HABIBTI,Rusty Intro,1,Rusty Intro,https://www.youtube.com/watch?v=t42AXqViXuk,0.0,0.2,data/choruses/Drake_Rusty_Intro.wav
Taylor Swift,The Life of a Showgirl,Wi$h Li$t,1,Taylor Swift - Wi$h Li$t (Lyric Video),https://www.youtube.com/watch?v=wqgUzLHgNMI,38.29,66.67,data/choruses/Taylor_Swift_Wih_Lit.wav
Taylor Swift,Fearless,Breathe,1,Taylor Swift - Breathe (Taylor's Version) (Lyric Video) ft. Colbie Caillat,https://www.youtube.com/watch?v=qsUK-BG5OQQ,78.55,91.51,data/choruses/Taylor_Swift_Breathe.wav
Drake,Scorpion,Peak,1,Drake- Peak (Official Audio) (Scorpion Album),https://www.youtube.com/watch?v=LWArHzoWn2E,41.82,67.91,data/choruses/Drake_Peak.wav
Taylor Swift,Lover,False God,1,Taylor Swift - False God (Official Audio),https://www.youtube.com/watch?v=acQXa5ArHIk,54.73,90.72,data/choruses/Taylor_Swift_False_God.wav
Morgan Wallen,I’m the Problem,Just in Case,1,Morgan Wallen - Just In Case (Official Audio),https://www.youtube.com/watch?v=cLnl73R9gMc,33.1,46.25,data/choruses/Morgan_Wallen_Just_in_Case.wav
Jason Aldean,Night Train,Night Train,1,Jason Aldean - Night Train (Official Audio),https://www.youtube.com/watch?v=VXHWBdD4WI0,56.08,68.23,data/choruses/Jason_Aldean_Night_Train.wav
Drake,"Honestly, Nevermind",Down Hill,1,Drake - Down Hill,https://www.youtube.com/watch?v=oezuRcSv4i8,59.93,74.24,data/choruses/Drake_Down_Hill.wav
Jason Aldean,They Don’t Know,First Time Again,0,Jason Aldean - First Time Again ft. Kelsea Ballerini (Official Audio),https://www.youtube.com/watch?v=MRabYy_SzoU,43.52,67.97,data/choruses/Jason_Aldean_First_Time_Again.wav
Drake,"Honestly, Nevermind",Intro,0,Rusty Intro,https://www.youtube.com/watch?v=t42AXqViXuk,0.0,0.2,data/choruses/Drake_Intro.wav
Jason Aldean,Rearview Town,Like You Were Mine,0,Jason Aldean - Like You Were Mine (Official Audio),https://www.youtube.com/watch?v=ZEXOwEQxKE4,42.54,70.78,data/choruses/Jason_Aldean_Like_You_Were_Mine.wav
Drake,Views,Faithful,1,Drake - Faithful ft. Pimp C & dvsn,https://www.youtube.com/watch?v=qNxrNH84MTk,107.91,127.14,data/choruses/Drake_Faithful.wav
Jason Aldean,Highway Desperado,From This Beer On,0,Jason Aldean - From This Beer On (Official Audio),https://www.youtube.com/watch?v=YjLAqqLm2jA,40.06,54.26,data/choruses/Jason_Aldean_From_This_Beer_On.wav
Taylor Swift,Speak Now,Better Than Revenge,1,Taylor Swift - Better Than Revenge (Taylor's Version) (Lyric Video),https://www.youtube.com/watch?v=EH70M5OeS4o,45.63,58.78,data/choruses/Taylor_Swift_Better_Than_Revenge.wav
Ed Sheeran,No.6 Collaborations Project,Nothing on You,0,Ed Sheeran - Nothing On You (feat. Paulo Londra & Dave) [SBTV Official Music Video],https://www.youtube.com/watch?v=IOOcbIyoW_0,43.98,63.05,data/choruses/Ed_Sheeran_Nothing_on_You.wav
Taylor Swift,1989,Blank Space,1,Taylor Swift - Blank Space (Audio),https://www.youtube.com/watch?v=2mIBS3fHp6A,65.11,90.12,data/choruses/Taylor_Swift_Blank_Space.wav
Drake,Views,Fire & Desire,1,Drake - Fire & Desire,https://www.youtube.com/watch?v=jGMCfshaJuw,118.96,145.25,data/choruses/Drake_Fire_Desire.wav
Taylor Swift,reputation,End Game,1,"Taylor Swift - End Game ft. Ed Sheeran, Future",https://www.youtube.com/watch?v=dfnCAmr569k,3.3,16.08,data/choruses/Taylor_Swift_End_Game.wav
Morgan Wallen,Dangerous: The Double Album,Dangerous,1,Morgan Wallen – Dangerous (Audio Only),https://www.youtube.com/watch?v=D_BcZyjDeBo,26.25,50.45,data/choruses/Morgan_Wallen_Dangerous.wav
Drake,Views,Hype,1,Drake - Hype,https://www.youtube.com/watch?v=ksjvMToth6M,67.27,82.05,data/choruses/Drake_Hype.wav
Ed Sheeran,=,Leave Your Life,0,Ed Sheeran - Leave Your Life [Official Lyric Video],https://www.youtube.com/watch?v=gbcGk-xYG_M,44.19,66.62,data/choruses/Ed_Sheeran_Leave_Your_Life.wav
Luke Bryan,Signs,Praying by the Rules,0,Luke Bryan - Prayin' In A Deer Stand (Official Audio),https://www.youtube.com/watch?v=JUAYJISmF3w,35.96,73.18,data/choruses/Luke_Bryan_Praying_by_the_Rules.wav
Ariana Grande,Sweetener,better off,0,Ariana Grande - Better Off,https://www.youtube.com/watch?v=ZWP-jyrvN_o,63.45,81.71,data/choruses/Ariana_Grande_better_off.wav
Drake,Thank Me Later,Up All Night,1,Up All Night,https://www.youtube.com/watch?v=BfCJ_Az698g,49.77,74.39,data/choruses/Drake_Up_All_Night.wav
Jason Aldean,GEORGIA,Ain’t Enough Cowboy,0,Jason Aldean - Ain't Enough Cowboy (Lyric Video),https://www.youtube.com/watch?v=T-0_0NX1uqE,29.28,57.24,data/choruses/Jason_Aldean_Aint_Enough_Cowboy.wav
Luke Bryan,I'll Stay Me,Baby’s on the Way,0,Baby's On The Way,https://www.youtube.com/watch?v=WOkIcqr15tU,37.57,60.43,data/choruses/Luke_Bryan_Babys_on_the_Way.wav
Jason Aldean,Songs About Us,Don’t Tell on Me,1,Jason Aldean - Don't Tell On Me (Official Audio),https://www.youtube.com/watch?v=9P_GPdeQQ-o,36.45,63.63,data/choruses/Jason_Aldean_Dont_Tell_on_Me.wav
Ed Sheeran,No.6 Collaborations Project,I Don’t Care,1,Ed Sheeran & Justin Bieber - I Don't Care [Official Music Video],https://www.youtube.com/watch?v=y83x7MgzWOA,41.74,60.57,data/choruses/Ed_Sheeran_I_Dont_Care.wav
Morgan Wallen,I’m the Problem,20 Cigarettes,1,Morgan Wallen - 20 Cigarettes (Official Music Video),https://www.youtube.com/watch?v=pCv0oP9JLKw,24.78,44.38,data/choruses/Morgan_Wallen_20_Cigarettes.wav
Drake,Certified Lover Boy,Yebba’s Heartbreak,1,Drake - Yebba’s Heartbreak (Audio),https://www.youtube.com/watch?v=9rlW2rUzyn0,63.81,77.6,data/choruses/Drake_Yebbas_Heartbreak.wav
Drake,$ome $exy $ongs 4 U,MOTH BALLS,1,PARTYNEXTDOOR - MOTH BALLS (feat. Drake) (Official Audio),https://www.youtube.com/watch?v=M3ktP5hX2p4,102.04,137.22,data/choruses/Drake_MOTH_BALLS.wav
Drake,Scorpion,Mob Ties,1,Mob Ties,https://www.youtube.com/watch?v=pzAIhjxEemw,33.47,66.26,data/choruses/Drake_Mob_Ties.wav
Jason Aldean,Night Train,The Only Way I Know,1,Jason Aldean - The Only Way I Know (Official Audio),https://www.youtube.com/watch?v=PaeCsT-85I4,42.4,68.62,data/choruses/Jason_Aldean_The_Only_Way_I_Know.wav
Luke Bryan,What Makes You Country,Land of a Million Songs,0,Luke Bryan - Land Of A Million Songs (Official Audio),https://www.youtube.com/watch?v=lg07NTz3Erg,28.54,41.33,data/choruses/Luke_Bryan_Land_of_a_Million_Songs.wav
Morgan Wallen,Dangerous: The Double Album,Your Bartender,1,Morgan Wallen – Your Bartender (Audio Only),https://www.youtube.com/watch?v=YM3gv6UvLCY,41.7,69.13,data/choruses/Morgan_Wallen_Your_Bartender.wav
Jason Aldean,Songs About Us,Good Thing Going,0,Jason Aldean - Good Thing Going (Official Audio),https://www.youtube.com/watch?v=uEAGtscQzRM,46.53,69.87,data/choruses/Jason_Aldean_Good_Thing_Going.wav
Ed Sheeran,×,Don’t,1,Ed Sheeran - Don't [Official Audio],https://www.youtube.com/watch?v=3TqGEbROFd4,53.09,73.32,data/choruses/Ed_Sheeran_Dont.wav
Taylor Swift,Midnights,"You’re on Your Own, Kid",1,"Taylor Swift - You're On Your Own, Kid (Official Lyric Video)",https://www.youtube.com/watch?v=7Gbg6Z70J7E,85.25,105.25,data/choruses/Taylor_Swift_Youre_on_Your_Own_Kid.wav
Morgan Wallen,If I Know Me,Gone Girl,0,Morgan Wallen - Gone Girl (Audio Only),https://www.youtube.com/watch?v=FDrB1Q1NRn8,28.82,57.43,data/choruses/Morgan_Wallen_Gone_Girl.wav
Jason Aldean,"Old Boots, New Dirt",Laid Back,0,Jason Aldean - Laid Back (Audio),https://www.youtube.com/watch?v=2xTifaOO5dM,46.04,73.47,data/choruses/Jason_Aldean_Laid_Back.wav
Ariana Grande,Positions,love language,1,Ariana Grande - love language (Official Audio),https://www.youtube.com/watch?v=MY8K95oaexQ,72.69,96.7,data/choruses/Ariana_Grande_love_language.wav
Morgan Wallen,I’m the Problem,Revelation,1,Morgan Wallen - Revelation (Audio),https://www.youtube.com/watch?v=tUWzZsqWvBA,47.56,78.75,data/choruses/Morgan_Wallen_Revelation.wav
Jason Aldean,Rearview Town,Dirt to Dust,0,Jason Aldean - Dirt To Dust (Official Audio),https://www.youtube.com/watch?v=iaPHIcebF8I,33.87,64.19,data/choruses/Jason_Aldean_Dirt_to_Dust.wav
Morgan Wallen,One Thing at a Time,Money on Me,1,Morgan Wallen - Money On Me (Lyric Video),https://www.youtube.com/watch?v=mcHZwe0YsKg,33.6,46.39,data/choruses/Morgan_Wallen_Money_on_Me.wav
Luke Bryan,Kill the Lights,Kill the Lights,0,Luke Bryan - Kill The Lights (Official Lyric Video),https://www.youtube.com/watch?v=vvgLilGV-es,22.78,63.16,data/choruses/Luke_Bryan_Kill_the_Lights.wav
Drake,For All the Dogs,8am in Charlotte,1,Drake - 8am in Charlotte (Audio),https://www.youtube.com/watch?v=udTQIU_BiPo,90.97,109.16,data/choruses/Drake_8am_in_Charlotte.wav
Drake,ICEMAN,National Treasures,1,Drake - National Treasures,https://www.youtube.com/watch?v=JffHTWti1es,87.14,102.03,data/choruses/Drake_National_Treasures.wav
Taylor Swift,Lover,The Archer,1,Taylor Swift - The Archer (Lyric Video),https://www.youtube.com/watch?v=8KpKc3C9V3w,35.24,53.47,data/choruses/Taylor_Swift_The_Archer.wav
Luke Bryan,Crash My Party,Roller Coaster,1,Luke Bryan - Roller Coaster (Official Music Video),https://www.youtube.com/watch?v=AxVKTwAkv1k,52.55,70.33,data/choruses/Luke_Bryan_Roller_Coaster.wav
Jason Aldean,My Kinda Party,Tattoos on This Town,1,Jason Aldean - Tattoos On This Town (Official Audio),https://www.youtube.com/watch?v=gbYlukilgwg,53.57,83.21,data/choruses/Jason_Aldean_Tattoos_on_This_Town.wav
Drake,Take Care,Look What You’ve Done,0,Look What You've Done,https://www.youtube.com/watch?v=5H7CS-_RUe8,85.17,112.65,data/choruses/Drake_Look_What_Youve_Done.wav
Drake,Her Loss,On BS,1,"Drake, 21 Savage - On BS (Audio)",https://www.youtube.com/watch?v=PNFZHl1H8zY,97.26,133.72,data/choruses/Drake_On_BS.wav
Ariana Grande,Sweetener,sweetener,1,Ariana Grande - Sweetener,https://www.youtube.com/watch?v=fCii2pIJ114,0.65,16.65,data/choruses/Ariana_Grande_sweetener.wav
Drake,ICEMAN,Make Them Remember,1,Drake - Make Them Remember,https://www.youtube.com/watch?v=Nq5bP2RdZ6A,3.24,19.99,data/choruses/Drake_Make_Them_Remember.wav
Jason Aldean,GEORGIA,The State I’m In,0,Jason Aldean - The State I'm In (Official Audio),https://www.youtube.com/watch?v=FxuZDyBBQm4,37.98,50.62,data/choruses/Jason_Aldean_The_State_Im_In.wav
Drake,For All the Dogs,Polar Opposites,1,Drake - Polar Opposites (Audio),https://www.youtube.com/watch?v=jfuzmCOcQSs,51.81,72.82,data/choruses/Drake_Polar_Opposites.wav
Drake,"Honestly, Nevermind",Texts Go Green,1,Drake - Texts Go Green (Official Audio),https://www.youtube.com/watch?v=kFXHPfI2JoI,96.85,129.12,data/choruses/Drake_Texts_Go_Green.wav
Ed Sheeran,×,Thinking Out Loud,1,Ed Sheeran - Thinking Out Loud [Official Audio],https://www.youtube.com/watch?v=WpyfrixXBqU,72.99,103.37,data/choruses/Ed_Sheeran_Thinking_Out_Loud.wav
Ariana Grande,Sweetener,borderline,0,Ariana Grande - Borderline ft. Missy Elliott,https://www.youtube.com/watch?v=1wadffcurxQ,54.37,72.2,data/choruses/Ariana_Grande_borderline.wav
Drake,MAID OF HONOUR,Stuck,1,Drake - Stuck (Official Audio),https://www.youtube.com/watch?v=9VQF9oaUFz8,40.04,53.13,data/choruses/Drake_Stuck.wav
Taylor Swift,folklore,this is me trying,1,Taylor Swift – this is me trying (Official Lyric Video),https://www.youtube.com/watch?v=9bdLTPNrlEg,46.39,67.57,data/choruses/Taylor_Swift_this_is_me_trying.wav
Luke Bryan,Kill the Lights,Razor Blade,0,Razor Blade,https://www.youtube.com/watch?v=EOmQH-502gY,42.2,61.6,data/choruses/Luke_Bryan_Razor_Blade.wav
Ed Sheeran,+,The City,0,The City,https://www.youtube.com/watch?v=oKWXVtSFUSM,30.34,69.59,data/choruses/Ed_Sheeran_The_City.wav
Drake,HABIBTI,Classic,1,DRAKE - CLASSIC,https://www.youtube.com/watch?v=mCNuYHwje2o,66.41,104.67,data/choruses/Drake_Classic.wav
Jason Aldean,Wide Open,This I Gotta See,0,Jason Aldean - This I Gotta See (Official Audio),https://www.youtube.com/watch?v=LRgf62OYUmk,46.56,70.69,data/choruses/Jason_Aldean_This_I_Gotta_See.wav
Morgan Wallen,One Thing at a Time,I Wrote the Book,1,Morgan Wallen - I Wrote The Book (Lyric Video),https://www.youtube.com/watch?v=myFjdIpTZS0,39.93,74.1,data/choruses/Morgan_Wallen_I_Wrote_the_Book.wav
Jason Aldean,Rearview Town,Blacktop Gone,0,Jason Aldean - Blacktop Gone (Official Audio),https://www.youtube.com/watch?v=ym7nybqoJck,39.54,75.84,data/choruses/Jason_Aldean_Blacktop_Gone.wav
Ed Sheeran,−,Borderline,0,Ed Sheeran - Borderline [Official Video],https://www.youtube.com/watch?v=dqrJDcLqckw,50.69,64.4,data/choruses/Ed_Sheeran_Borderline.wav
Ed Sheeran,=,2step,1,Ed Sheeran - 2step (feat. Lil Baby) - [Official Video],https://www.youtube.com/watch?v=Z_MvkyuOJgk,72.66,102.97,data/choruses/Ed_Sheeran_2step.wav
Luke Bryan,Signs,Fish Hunt Golf Drink,0,Luke Bryan - Fish Hunt Golf Drink (Visualizer),https://www.youtube.com/watch?v=cXMirYiC61E,37.23,63.32,data/choruses/Luke_Bryan_Fish_Hunt_Golf_Drink.wav
Morgan Wallen,Dangerous: The Double Album,Somebody’s Problem,1,Morgan Wallen - Somebody's Problem (Audio Only),https://www.youtube.com/watch?v=Lc1j_z3wURc,28.12,59.65,data/choruses/Morgan_Wallen_Somebodys_Problem.wav
Ed Sheeran,÷,New Man,1,Ed Sheeran - New Man [Official Audio],https://www.youtube.com/watch?v=EwzD8U4u76k,52.11,72.53,data/choruses/Ed_Sheeran_New_Man.wav
Taylor Swift,Taylor Swift,A Place in This World,0,Taylor Swift - A Place In This World (Lyrics),https://www.youtube.com/watch?v=fgZ2q0yyUGA,29.83,57.45,data/choruses/Taylor_Swift_A_Place_in_This_World.wav
Ariana Grande,"thank u, next",bad idea,1,Ariana Grande - bad idea (Audio),https://www.youtube.com/watch?v=m7XHduHsBvk,35.48,63.31,data/choruses/Ariana_Grande_bad_idea.wav
Drake,Certified Lover Boy,Love All,1,Drake - Love All (Audio) ft. JAŸ-Z,https://www.youtube.com/watch?v=Pnz4wbCblmM,43.49,59.15,data/choruses/Drake_Love_All.wav
Ariana Grande,Positions,34+35,1,Ariana Grande - 34+35 (official video),https://www.youtube.com/watch?v=B6_iQvaIjXw,36.49,53.94,data/choruses/Ariana_Grande_3435.wav
Jason Aldean,They Don’t Know,Lights Come On,1,Jason Aldean - Lights Come On (Official Music Video),https://www.youtube.com/watch?v=LXrP66ot0zs,85.95,115.95,data/choruses/Jason_Aldean_Lights_Come_On.wav
Luke Bryan,I'll Stay Me,First Love Song,0,First Love Song,https://www.youtube.com/watch?v=KBMIs3HayLc,53.44,67.8,data/choruses/Luke_Bryan_First_Love_Song.wav
Morgan Wallen,Dangerous: The Double Album,865,1,Morgan Wallen - 865 (Official Lyric Video),https://www.youtube.com/watch?v=-C7CFgCpae0,32.87,65.6,data/choruses/Morgan_Wallen_865.wav
Luke Bryan,Mind of a Country Boy,For the Kids,0,Luke Bryan - For The Kids (Official Audio Video),https://www.youtube.com/watch?v=GHLDTWhgtWY,36.79,49.71,data/choruses/Luke_Bryan_For_the_Kids.wav
Drake,MAID OF HONOUR,True Bestie,1,True Bestie,https://www.youtube.com/watch?v=db6bcyrNApY,36.58,62.28,data/choruses/Drake_True_Bestie.wav
Drake,$ome $exy $ongs 4 U,LASERS,1,PARTYNEXTDOOR - LASERS (feat. Drake) (Official Audio),https://www.youtube.com/watch?v=3SaHYhtibRM,48.18,64.23,data/choruses/Drake_LASERS.wav
Drake,Thank Me Later,The Resistance,0,The Resistance,https://www.youtube.com/watch?v=bjHf7a9Gidc,0.17,24.61,data/choruses/Drake_The_Resistance.wav
Ed Sheeran,=,Collide,0,Ed Sheeran - Collide [Official Lyric Video],https://www.youtube.com/watch?v=Ykq2qn1jjGk,1.94,20.74,data/choruses/Ed_Sheeran_Collide.wav
Ed Sheeran,No.6 Collaborations Project,BLOW,1,Ed Sheeran - BLOW (with Chris Stapleton & Bruno Mars) [Official Music Video],https://www.youtube.com/watch?v=s93NCuXt7x4,73.61,104.74,data/choruses/Ed_Sheeran_BLOW.wav
Drake,Scorpion,Ratchet Happy Birthday,1,Ratchet Happy Birthday,https://www.youtube.com/watch?v=40XUkrphaC0,122.86,148.58,data/choruses/Drake_Ratchet_Happy_Birthday.wav
Jason Aldean,"Old Boots, New Dirt",I Took It With Me,0,Jason Aldean - I Took It with Me (Audio),https://www.youtube.com/watch?v=YX2g0JUWMT4,43.71,72.08,data/choruses/Jason_Aldean_I_Took_It_With_Me.wav
Luke Bryan,Doin’ My Thing,Doin’ My Thing,0,Doin' My Thing (Live),https://www.youtube.com/watch?v=Yo9PNkbe6EI,90.34,114.75,data/choruses/Luke_Bryan_Doin_My_Thing.wav
Taylor Swift,reputation,So It Goes…,0,Taylor Swift - So It Goes... (Official Audio),https://www.youtube.com/watch?v=8PXr7CuP3Dg,46.05,59.66,data/choruses/Taylor_Swift_So_It_Goes.wav
Taylor Swift,Taylor Swift,Our Song,1,Taylor Swift - Our Song,https://www.youtube.com/watch?v=Jb2stN7kH28,35.74,68.09,data/choruses/Taylor_Swift_Our_Song.wav
Taylor Swift,Lover,Afterglow,1,Taylor Swift - Afterglow (Official Audio),https://www.youtube.com/watch?v=8HxbqAsppwU,39.66,61.29,data/choruses/Taylor_Swift_Afterglow.wav
Taylor Swift,reputation,New Year’s Day,0,New Year’s Day,https://www.youtube.com/watch?v=KkvTYrFIxNM,20.39,43.24,data/choruses/Taylor_Swift_New_Years_Day.wav
Ed Sheeran,÷,Supermarket Flowers,1,Ed Sheeran - Supermarket Flowers [Official Audio],https://www.youtube.com/watch?v=bIB8EWqCPrQ,53.44,95.49,data/choruses/Ed_Sheeran_Supermarket_Flowers.wav
Drake,ICEMAN,Make Them Know,1,Drake - Make Them Know,https://www.youtube.com/watch?v=rThDEqJsRtk,102.2,118.2,data/choruses/Drake_Make_Them_Know.wav
Drake,Certified Lover Boy,Get Along Better,1,Drake - Get Along Better (Audio) ft. Ty Dolla $ign,https://www.youtube.com/watch?v=84y-jaEiFZU,51.11,66.1,data/choruses/Drake_Get_Along_Better.wav
Jason Aldean,Rearview Town,Ride All Night,0,Jason Aldean - Ride All Night (Official Audio),https://www.youtube.com/watch?v=cxh-nOqbLNM,39.59,70.31,data/choruses/Jason_Aldean_Ride_All_Night.wav
Jason Aldean,Rearview Town,Drowns the Whiskey,1,Drowns The Whiskey (feat. Miranda Lambert) (Official Audio),https://www.youtube.com/watch?v=_SDfihgZXSE,42.87,62.87,data/choruses/Jason_Aldean_Drowns_the_Whiskey.wav
Ariana Grande,Dangerous Woman,Into You,1,Ariana Grande - Into You (Official Video),https://www.youtube.com/watch?v=1ekZEVeXwek,57.8,75.58,data/choruses/Ariana_Grande_Into_You.wav
Drake,$ome $exy $ongs 4 U,BRIAN STEEL,1,Drake - BRIAN STEEL (Official Audio),https://www.youtube.com/watch?v=TczlAZp7zXI,26.1,39.17,data/choruses/Drake_BRIAN_STEEL.wav
Drake,Her Loss,3AM on Glenwood,0,21 Savage - 3AM on Glenwood (Audio),https://www.youtube.com/watch?v=emmE8yDllOw,53.39,66.73,data/choruses/Drake_3AM_on_Glenwood.wav
Taylor Swift,Speak Now,Innocent,1,Taylor Swift - Innocent (Taylor's Version) (Lyric Video),https://www.youtube.com/watch?v=vO6JqQpJboY,71.84,86.16,data/choruses/Taylor_Swift_Innocent.wav
Luke Bryan,Signs,Word on the Street,0,Luke Bryan - Word On The Street (Official Audio),https://www.youtube.com/watch?v=K_XBclBommQ,39.51,70.37,data/choruses/Luke_Bryan_Word_on_the_Street.wav
Taylor Swift,1989,Welcome to New York,1,Taylor Swift - Welcome To New York (Taylor's Version) (Lyric Video),https://www.youtube.com/watch?v=FsGdznlfE2U,60.98,87.65,data/choruses/Taylor_Swift_Welcome_to_New_York.wav
Taylor Swift,Lover,Cruel Summer,1,Taylor Swift - Cruel Summer (Official Audio),https://www.youtube.com/watch?v=ic8j13piAhQ,28.98,54.39,data/choruses/Taylor_Swift_Cruel_Summer.wav
Ed Sheeran,Play,Don’t Look Down,0,Ed Sheeran - Don't Look Down [Lyric Video],https://www.youtube.com/watch?v=A0NrNyaKggQ,61.93,76.94,data/choruses/Ed_Sheeran_Dont_Look_Down.wav
Morgan Wallen,I’m the Problem,Come Back as a Redneck,1,"Morgan Wallen, HARDY - Come Back As A Redneck (Audio)",https://www.youtube.com/watch?v=8l3EDYb4I7A,65.49,78.29,data/choruses/Morgan_Wallen_Come_Back_as_a_Redneck.wav
Taylor Swift,Midnights,Lavender Haze,1,Taylor Swift - Lavender Haze (Official Music Video),https://www.youtube.com/watch?v=h8DLofLM7No,49.63,79.33,data/choruses/Taylor_Swift_Lavender_Haze.wav
Jason Aldean,My Kinda Party,Texas Was You,0,Jason Aldean - Texas Was You (Official Audio),https://www.youtube.com/watch?v=nFNrD1EKVcY,52.88,78.78,data/choruses/Jason_Aldean_Texas_Was_You.wav
Morgan Wallen,One Thing at a Time,One Thing at a Time,1,Morgan Wallen - One Thing At A Time (Lyric Video),https://www.youtube.com/watch?v=aKA4wH3Mg7Y,41.83,70.14,data/choruses/Morgan_Wallen_One_Thing_at_a_Time.wav
Drake,HABIBTI,WNBA,1,Drake - WNBA (Official Music Video),https://www.youtube.com/watch?v=M1CM-HKC6as,13.75,45.23,data/choruses/Drake_WNBA.wav
Drake,Views,Views,1,Drake - Views (Audio),https://www.youtube.com/watch?v=zcGjOC_LjoQ,95.14,108.64,data/choruses/Drake_Views.wav
