artist,album,song,hit
Taylor Swift,Taylor Swift,Tim McGraw,1
Taylor Swift,Taylor Swift,Picture to Burn,1
Taylor Swift,Taylor Swift,Teardrops on My Guitar,1
Taylor Swift,Taylor Swift,A Place in This World,0
Taylor Swift,Taylor Swift,Cold as You,0
Taylor Swift,Taylor Swift,The Outside,0
Taylor Swift,Taylor Swift,Tied Together With a Smile,0
Taylor Swift,Taylor Swift,Stay Beautiful,0
Taylor Swift,Taylor Swift,Should’ve Said No,1
Taylor Swift,Taylor Swift,Mary’s Song (Oh My My My),0
Taylor Swift,Taylor Swift,Our Song,1
Taylor Swift,Fearless,Fearless,1
Taylor Swift,Fearless,Fifteen,1
Taylor Swift,Fearless,Love Story,1
Taylor Swift,Fearless,Hey Stephen,1
Taylor Swift,Fearless,White Horse,1
Taylor Swift,Fearless,You Belong With Me,1
Taylor Swift,Fearless,Breathe,1
Taylor Swift,Fearless,Tell Me Why,0
Taylor Swift,Fearless,You’re Not Sorry,1
Taylor Swift,Fearless,The Way I Loved You,1
Taylor Swift,Fearless,Forever & Always,1
Taylor Swift,Fearless,The Best Day,0
Taylor Swift,Fearless,Change,1
Taylor Swift,Speak Now,Mine,1
Taylor Swift,Speak Now,Sparks Fly,1
Taylor Swift,Speak Now,Back to December,1
Taylor Swift,Speak Now,Speak Now,1
Taylor Swift,Speak Now,Dear John,1
Taylor Swift,Speak Now,Mean,1
Taylor Swift,Speak Now,The Story of Us,1
Taylor Swift,Speak Now,Never Grow Up,1
Taylor Swift,Speak Now,Enchanted,1
Taylor Swift,Speak Now,Better Than Revenge,1
Taylor Swift,Speak Now,Innocent,1
Taylor Swift,Speak Now,Haunted,1
Taylor Swift,Speak Now,Last Kiss,1
Taylor Swift,Speak Now,Long Live,1
Taylor Swift,Red,State of Grace,1
Taylor Swift,Red,Red,1
Taylor Swift,Red,Treacherous,0
Taylor Swift,Red,I Knew You Were Trouble.,1
Taylor Swift,Red,All Too Well,1
Taylor Swift,Red,22,1
Taylor Swift,Red,I Almost Do,1
Taylor Swift,Red,We Are Never Ever Getting Back Together,1
Taylor Swift,Red,Stay Stay Stay,1
Taylor Swift,Red,The Last Time,0
Taylor Swift,Red,Holy Ground,0
Taylor Swift,Red,Sad Beautiful Tragic,0
Taylor Swift,Red,The Lucky One,0
Taylor Swift,Red,Everything Has Changed,1
Taylor Swift,Red,Starlight,0
Taylor Swift,Red,Begin Again,1
Taylor Swift,1989,Welcome to New York,1
Taylor Swift,1989,Blank Space,1
Taylor Swift,1989,Style,1
Taylor Swift,1989,Out of the Woods,1
Taylor Swift,1989,All You Had to Do Was Stay,0
Taylor Swift,1989,Shake It Off,1
Taylor Swift,1989,I Wish You Would,0
Taylor Swift,1989,Bad Blood,1
Taylor Swift,1989,Wildest Dreams,1
Taylor Swift,1989,How You Get the Girl,0
Taylor Swift,1989,This Love,0
Taylor Swift,1989,I Know Places,0
Taylor Swift,1989,Clean,0
Taylor Swift,reputation,…Ready for It?,1
Taylor Swift,reputation,End Game,1
Taylor Swift,reputation,I Did Something Bad,0
Taylor Swift,reputation,Don’t Blame Me,0
Taylor Swift,reputation,Delicate,1
Taylor Swift,reputation,Look What You Made Me Do,1
Taylor Swift,reputation,So It Goes…,0
Taylor Swift,reputation,Gorgeous,1
Taylor Swift,reputation,Getaway Car,0
Taylor Swift,reputation,King of My Heart,0
Taylor Swift,reputation,Dancing With Our Hands Tied,0
Taylor Swift,reputation,Dress,0
Taylor Swift,reputation,This Is Why We Can’t Have Nice Things,0
Taylor Swift,reputation,Call It What You Want,1
Taylor Swift,reputation,New Year’s Day,0
Taylor Swift,Lover,I Forgot That You Existed,1
Taylor Swift,Lover,Cruel Summer,1
Taylor Swift,Lover,Lover,1
Taylor Swift,Lover,The Man,1
Taylor Swift,Lover,The Archer,1
Taylor Swift,Lover,I Think He Knows,1
Taylor Swift,Lover,Miss Americana & the Heartbreak Prince,1
Taylor Swift,Lover,Paper Rings,1
Taylor Swift,Lover,Cornelia Street,1
Taylor Swift,Lover,Death by a Thousand Cuts,1
Taylor Swift,Lover,London Boy,1
Taylor Swift,Lover,Soon You’ll Get Better,1
Taylor Swift,Lover,False God,1
Taylor Swift,Lover,You Need to Calm Down,1
Taylor Swift,Lover,Afterglow,1
Taylor Swift,Lover,ME!,1
Taylor Swift,Lover,It’s Nice to Have a Friend,1
Taylor Swift,Lover,Daylight,1
Taylor Swift,folklore,the 1,1
Taylor Swift,folklore,cardigan,1
Taylor Swift,folklore,the last great american dynasty,1
Taylor Swift,folklore,exile,1
Taylor Swift,folklore,my tears ricochet,1
Taylor Swift,folklore,mirrorball,1
Taylor Swift,folklore,seven,1
Taylor Swift,folklore,august,1
Taylor Swift,folklore,this is me trying,1
Taylor Swift,folklore,illicit affairs,1
Taylor Swift,folklore,invisible string,1
Taylor Swift,folklore,mad woman,1
Taylor Swift,folklore,epiphany,1
Taylor Swift,folklore,betty,1
Taylor Swift,folklore,peace,1
Taylor Swift,folklore,hoax,1
Taylor Swift,folklore,the lakes,0
Taylor Swift,evermore,willow,1
Taylor Swift,evermore,champagne problems,1
Taylor Swift,evermore,gold rush,1
Taylor Swift,evermore,’tis the damn season,1
Taylor Swift,evermore,tolerate it,1
Taylor Swift,evermore,"no body, no crime",1
Taylor Swift,evermore,happiness,1
Taylor Swift,evermore,dorothea,1
Taylor Swift,evermore,coney island,1
Taylor Swift,evermore,ivy,1
Taylor Swift,evermore,cowboy like me,1
Taylor Swift,evermore,long story short,1
Taylor Swift,evermore,marjorie,1
Taylor Swift,evermore,closure,1
Taylor Swift,evermore,evermore,1
Taylor Swift,Midnights,Lavender Haze,1
Taylor Swift,Midnights,Maroon,1
Taylor Swift,Midnights,Anti‐Hero,1
Taylor Swift,Midnights,Snow on the Beach,1
Taylor Swift,Midnights,"You’re on Your Own, Kid",1
Taylor Swift,Midnights,Midnight Rain,1
Taylor Swift,Midnights,Question…?,1
Taylor Swift,Midnights,Vigilante Shit,1
Taylor Swift,Midnights,Bejeweled,1
Taylor Swift,Midnights,Labyrinth,1
Taylor Swift,Midnights,Karma,1
Taylor Swift,Midnights,Sweet Nothing,1
Taylor Swift,Midnights,Mastermind,1
Taylor Swift,THE TORTURED POETS DEPARTMENT,Fortnight,1
Taylor Swift,THE TORTURED POETS DEPARTMENT,The Tortured Poets Department,1
Taylor Swift,THE TORTURED POETS DEPARTMENT,My Boy Only Breaks His Favorite Toys,1
Taylor Swift,THE TORTURED POETS DEPARTMENT,Down Bad,1
Taylor Swift,THE TORTURED POETS DEPARTMENT,"So Long, London",1
Taylor Swift,THE TORTURED POETS DEPARTMENT,But Daddy I Love Him,1
Taylor Swift,THE TORTURED POETS DEPARTMENT,Fresh Out the Slammer,1
Taylor Swift,THE TORTURED POETS DEPARTMENT,Florida!!!,1
Taylor Swift,THE TORTURED POETS DEPARTMENT,Guilty as Sin?,1
Taylor Swift,THE TORTURED POETS DEPARTMENT,Who’s Afraid of Little Old Me?,1
Taylor Swift,THE TORTURED POETS DEPARTMENT,I Can Fix Him (No Really I Can),1
Taylor Swift,THE TORTURED POETS DEPARTMENT,loml,1
Taylor Swift,THE TORTURED POETS DEPARTMENT,I Can Do It With a Broken Heart,1
Taylor Swift,THE TORTURED POETS DEPARTMENT,The Smallest Man Who Ever Lived,1
Taylor Swift,THE TORTURED POETS DEPARTMENT,The Alchemy,1
Taylor Swift,THE TORTURED POETS DEPARTMENT,Clara Bow,1
Taylor Swift,The Life of a Showgirl,The Fate of Ophelia,1
Taylor Swift,The Life of a Showgirl,Elizabeth Taylor,1
Taylor Swift,The Life of a Showgirl,Opalite,1
Taylor Swift,The Life of a Showgirl,Father Figure,1
Taylor Swift,The Life of a Showgirl,Eldest Daughter,1
Taylor Swift,The Life of a Showgirl,Ruin the Friendship,1
Taylor Swift,The Life of a Showgirl,Actually Romantic,1
Taylor Swift,The Life of a Showgirl,Wi$h Li$t,1
Taylor Swift,The Life of a Showgirl,Wood,1
Taylor Swift,The Life of a Showgirl,CANCELLED!,1
Taylor Swift,The Life of a Showgirl,Honey,1
Taylor Swift,The Life of a Showgirl,The Life of a Showgirl,1
Morgan Wallen,If I Know Me,Up Down,1
Morgan Wallen,If I Know Me,Happy Hour,0
Morgan Wallen,If I Know Me,Had Me by Halftime,0
Morgan Wallen,If I Know Me,Whiskey Glasses,1
Morgan Wallen,If I Know Me,Whatcha Know ’Bout That,0
Morgan Wallen,If I Know Me,Redneck Love Song,0
Morgan Wallen,If I Know Me,Little Rain,0
Morgan Wallen,If I Know Me,If I Know Me,0
Morgan Wallen,If I Know Me,Chasin’ You,1
Morgan Wallen,If I Know Me,The Way I Talk,0
Morgan Wallen,If I Know Me,If I Ever Get You Back,0
Morgan Wallen,If I Know Me,Gone Girl,0
Morgan Wallen,If I Know Me,Not Good at Not,0
Morgan Wallen,If I Know Me,Talkin’ Tennessee,0
Morgan Wallen,Dangerous: The Double Album,Sand in My Boots,1
Morgan Wallen,Dangerous: The Double Album,Wasted on You,1
Morgan Wallen,Dangerous: The Double Album,Somebody’s Problem,1
Morgan Wallen,Dangerous: The Double Album,More Surprised Than Me,1
Morgan Wallen,Dangerous: The Double Album,865,1
Morgan Wallen,Dangerous: The Double Album,Warning,1
Morgan Wallen,Dangerous: The Double Album,Neon Eyes,1
Morgan Wallen,Dangerous: The Double Album,Outlaw,1
Morgan Wallen,Dangerous: The Double Album,Whiskey’d My Way,1
Morgan Wallen,Dangerous: The Double Album,Wonderin’ Bout the Wind,1
Morgan Wallen,Dangerous: The Double Album,Your Bartender,1
Morgan Wallen,Dangerous: The Double Album,Only Thing That’s Gone,1
Morgan Wallen,Dangerous: The Double Album,Cover Me Up,1
Morgan Wallen,Dangerous: The Double Album,7 Summers,1
Morgan Wallen,Dangerous: The Double Album,More Than My Hometown,1
Morgan Wallen,Dangerous: The Double Album,Still Goin Down,1
Morgan Wallen,Dangerous: The Double Album,"Rednecks, Red Letters, Red Dirt",0
Morgan Wallen,Dangerous: The Double Album,Dangerous,1
Morgan Wallen,Dangerous: The Double Album,Beer Don’t,0
Morgan Wallen,Dangerous: The Double Album,Blame It on Me,0
Morgan Wallen,Dangerous: The Double Album,Somethin’ Country,0
Morgan Wallen,Dangerous: The Double Album,This Bar,1
Morgan Wallen,Dangerous: The Double Album,Country A$$ Shit,0
Morgan Wallen,Dangerous: The Double Album,Whatcha Think of Country Now,0
Morgan Wallen,Dangerous: The Double Album,Me on Whiskey,0
Morgan Wallen,Dangerous: The Double Album,Need a Boat,0
Morgan Wallen,Dangerous: The Double Album,Silverado for Sale,0
Morgan Wallen,Dangerous: The Double Album,Heartless (Wallen album mix),0
Morgan Wallen,Dangerous: The Double Album,Livin’ the Dream,1
Morgan Wallen,Dangerous: The Double Album,Quittin’ Time,0
Morgan Wallen,One Thing at a Time,Born With a Beer in My Hand,1
Morgan Wallen,One Thing at a Time,Last Night,1
Morgan Wallen,One Thing at a Time,Everything I Love,1
Morgan Wallen,One Thing at a Time,Man Made a Bar,1
Morgan Wallen,One Thing at a Time,Devil Don’t Know,1
Morgan Wallen,One Thing at a Time,One Thing at a Time,1
Morgan Wallen,One Thing at a Time,’98 Braves,1
Morgan Wallen,One Thing at a Time,Ain’t That Some,1
Morgan Wallen,One Thing at a Time,I Wrote the Book,1
Morgan Wallen,One Thing at a Time,Tennessee Numbers,1
Morgan Wallen,One Thing at a Time,Hope That’s True,1
Morgan Wallen,One Thing at a Time,Whiskey Friends,1
Morgan Wallen,One Thing at a Time,Sunrise,1
Morgan Wallen,One Thing at a Time,Keith Whitley,1
Morgan Wallen,One Thing at a Time,In the Bible,1
Morgan Wallen,One Thing at a Time,You Proof,1
Morgan Wallen,One Thing at a Time,Thought You Should Know,1
Morgan Wallen,One Thing at a Time,F150-50,1
Morgan Wallen,One Thing at a Time,Neon Star (Country Boy Lullaby),1
Morgan Wallen,One Thing at a Time,I Deserve a Drink,1
Morgan Wallen,One Thing at a Time,Wine Into Water,1
Morgan Wallen,One Thing at a Time,Me + All Your Reasons,1
Morgan Wallen,One Thing at a Time,Tennessee Fan,1
Morgan Wallen,One Thing at a Time,Money on Me,1
Morgan Wallen,One Thing at a Time,Thinkin’ Bout Me,1
Morgan Wallen,One Thing at a Time,Single Than She Was,1
Morgan Wallen,One Thing at a Time,Days That End in Why,1
Morgan Wallen,One Thing at a Time,Last Drive Down Main,1
Morgan Wallen,One Thing at a Time,Me to Me,1
Morgan Wallen,One Thing at a Time,Don’t Think Jesus,1
Morgan Wallen,One Thing at a Time,180 (Lifestyle),1
Morgan Wallen,One Thing at a Time,Had It,1
Morgan Wallen,One Thing at a Time,Cowgirls,1
Morgan Wallen,One Thing at a Time,Good Girl Gone Missin’,1
Morgan Wallen,One Thing at a Time,Outlook,1
Morgan Wallen,One Thing at a Time,Dying Man,1
Morgan Wallen,I’m the Problem,I’m the Problem,1
Morgan Wallen,I’m the Problem,I Got Better,1
Morgan Wallen,I’m the Problem,Superman,1
Morgan Wallen,I’m the Problem,What I Want,1
Morgan Wallen,I’m the Problem,Just in Case,1
Morgan Wallen,I’m the Problem,Interlude,1
Morgan Wallen,I’m the Problem,Falling Apart,1
Morgan Wallen,I’m the Problem,"Skoal, Chevy, and Browning",1
Morgan Wallen,I’m the Problem,Eyes Are Closed,1
Morgan Wallen,I’m the Problem,Kick Myself,1
Morgan Wallen,I’m the Problem,20 Cigarettes,1
Morgan Wallen,I’m the Problem,TN,1
Morgan Wallen,I’m the Problem,Missing,1
Morgan Wallen,I’m the Problem,Where’d That Girl Go,1
Morgan Wallen,I’m the Problem,Genesis,1
Morgan Wallen,I’m the Problem,Revelation,1
Morgan Wallen,I’m the Problem,Number 3 and Number 7,1
Morgan Wallen,I’m the Problem,Kiss Her in Front of You,1
Morgan Wallen,I’m the Problem,If You Were Mine,1
Morgan Wallen,I’m the Problem,Don’t We,1
Morgan Wallen,I’m the Problem,Come Back as a Redneck,1
Morgan Wallen,I’m the Problem,Love Somebody,1
Morgan Wallen,I’m the Problem,Dark Til Daylight,1
Morgan Wallen,I’m the Problem,The Dealer,1
Morgan Wallen,I’m the Problem,Leavin’s the Least I Could Do,1
Morgan Wallen,I’m the Problem,Jack and Jill,1
Morgan Wallen,I’m the Problem,I Ain’t Comin’ Back,0
Morgan Wallen,I’m the Problem,Nothin’ Left,1
Morgan Wallen,I’m the Problem,Drinking Til It Does,1
Morgan Wallen,I’m the Problem,Smile,1
Morgan Wallen,I’m the Problem,Working Man’s Song,1
Morgan Wallen,I’m the Problem,Whiskey in Reverse,1
Morgan Wallen,I’m the Problem,Crazy Eyes,1
Morgan Wallen,I’m the Problem,LA Night,1
Morgan Wallen,I’m the Problem,Miami,1
Morgan Wallen,I’m the Problem,Lies Lies Lies,1
Morgan Wallen,I’m the Problem,I’m a Little Crazy,1
Drake,Thank Me Later,Fireworks,1
Drake,Thank Me Later,Karaoke,0
Drake,Thank Me Later,The Resistance,0
Drake,Thank Me Later,Over,1
Drake,Thank Me Later,Show Me a Good Time,0
Drake,Thank Me Later,Up All Night,1
Drake,Thank Me Later,Fancy,1
Drake,Thank Me Later,Shut It Down,0
Drake,Thank Me Later,Unforgettable,0
Drake,Thank Me Later,Light Up,0
Drake,Thank Me Later,Miss Me,1
Drake,Thank Me Later,Cece’s Interlude,0
Drake,Thank Me Later,Find Your Love,1
Drake,Thank Me Later,Thank Me Now,0
Drake,Take Care,Over My Dead Body,0
Drake,Take Care,Shot for Me,1
Drake,Take Care,Headlines,1
Drake,Take Care,Crew Love,1
Drake,Take Care,Take Care,1
Drake,Take Care,Marvins Room / Buried Alive Interlude,0
Drake,Take Care,Under Ground Kings,0
Drake,Take Care,We’ll Be Fine,1
Drake,Take Care,Make Me Proud,1
Drake,Take Care,Lord Knows,0
Drake,Take Care,Cameras / Good Ones Go Interlude,0
Drake,Take Care,Doing It Wrong,0
Drake,Take Care,The Real Her,0
Drake,Take Care,Look What You’ve Done,0
Drake,Take Care,HYFR (Hell Ya Fuckin’ Right),0
Drake,Take Care,Practice,0
Drake,Take Care,The Ride,0
Drake,Nothing Was the Same,Tuscan Leather,1
Drake,Nothing Was the Same,Furthest Thing,1
Drake,Nothing Was the Same,Started From the Bottom,1
Drake,Nothing Was the Same,Wu-Tang Forever,1
Drake,Nothing Was the Same,Own It,1
Drake,Nothing Was the Same,Worst Behavior,1
Drake,Nothing Was the Same,From Time,1
Drake,Nothing Was the Same,"Hold On, We’re Going Home",1
Drake,Nothing Was the Same,Connect,0
Drake,Nothing Was the Same,The Language,1
Drake,Nothing Was the Same,305 to My City,0
Drake,Nothing Was the Same,Too Much,1
Drake,Nothing Was the Same,Pound Cake / Paris Morton Music 2,1
Drake,Nothing Was the Same,Come Thru,1
Drake,Nothing Was the Same,All Me,1
Drake,Views,Keep the Family Close,1
Drake,Views,9,1
Drake,Views,U With Me?,1
Drake,Views,Feel No Ways,1
Drake,Views,Hype,1
Drake,Views,Weston Road Flows,1
Drake,Views,Redemption,1
Drake,Views,With You,1
Drake,Views,Faithful,1
Drake,Views,Still Here,1
Drake,Views,Controlla,1
Drake,Views,One Dance,1
Drake,Views,Grammys,1
Drake,Views,Childs Play,1
Drake,Views,Pop Style,1
Drake,Views,Too Good,1
Drake,Views,Summers Over (interlude),0
Drake,Views,Fire & Desire,1
Drake,Views,Views,1
Drake,Views,Hotline Bling,1
Drake,Scorpion,Survival,1
Drake,Scorpion,Nonstop,1
Drake,Scorpion,Elevate,1
Drake,Scorpion,Emotionless,1
Drake,Scorpion,God’s Plan,1
Drake,Scorpion,I’m Upset,1
Drake,Scorpion,8 Out of 10,1
Drake,Scorpion,Mob Ties,1
Drake,Scorpion,Can’t Take a Joke,1
Drake,Scorpion,Sandra’s Rose,1
Drake,Scorpion,Talk Up,1
Drake,Scorpion,Is There More,1
Drake,Scorpion,Peak,1
Drake,Scorpion,Summer Games,1
Drake,Scorpion,Jaded,1
Drake,Scorpion,Nice for What,1
Drake,Scorpion,Finesse,1
Drake,Scorpion,Ratchet Happy Birthday,1
Drake,Scorpion,That’s How You Feel,1
Drake,Scorpion,Blue Tint,1
Drake,Scorpion,In My Feelings,1
Drake,Scorpion,Don’t Matter to Me,1
Drake,Scorpion,After Dark,1
Drake,Scorpion,Final Fantasy,1
Drake,Scorpion,March 14,1
Drake,Certified Lover Boy,Champagne Poetry,1
Drake,Certified Lover Boy,Papi’s Home,1
Drake,Certified Lover Boy,Girls Want Girls,1
Drake,Certified Lover Boy,In the Bible,1
Drake,Certified Lover Boy,Love All,1
Drake,Certified Lover Boy,Fair Trade,1
Drake,Certified Lover Boy,Way 2 Sexy,1
Drake,Certified Lover Boy,TSU,1
Drake,Certified Lover Boy,N 2 Deep,1
Drake,Certified Lover Boy,Pipe Down,1
Drake,Certified Lover Boy,Yebba’s Heartbreak,1
Drake,Certified Lover Boy,No Friends in the Industry,1
Drake,Certified Lover Boy,Knife Talk,1
Drake,Certified Lover Boy,7am on Bridle Path,1
Drake,Certified Lover Boy,Race My Mind,1
Drake,Certified Lover Boy,Fountains,1
Drake,Certified Lover Boy,Get Along Better,1
Drake,Certified Lover Boy,You Only Live Twice,1
Drake,Certified Lover Boy,IMY2,1
Drake,Certified Lover Boy,Fucking Fans,1
Drake,Certified Lover Boy,The Remorse,1
Drake,"Honestly, Nevermind",Intro,0
Drake,"Honestly, Nevermind",Falling Back,1
Drake,"Honestly, Nevermind",Texts Go Green,1
Drake,"Honestly, Nevermind",Currents,1
Drake,"Honestly, Nevermind",A Keeper,1
Drake,"Honestly, Nevermind",Calling My Name,1
Drake,"Honestly, Nevermind",Sticky,1
Drake,"Honestly, Nevermind",Massive,1
Drake,"Honestly, Nevermind",Flight’s Booked,1
Drake,"Honestly, Nevermind",Overdrive,1
Drake,"Honestly, Nevermind",Down Hill,1
Drake,"Honestly, Nevermind",Tie That Binds,1
Drake,"Honestly, Nevermind",Liability,1
Drake,"Honestly, Nevermind",Jimmy Cooks,1
Drake,Her Loss,Rich Flex,1
Drake,Her Loss,Major Distribution,1
Drake,Her Loss,On BS,1
Drake,Her Loss,BackOutsideBoyz,1
Drake,Her Loss,Privileged Rappers,1
Drake,Her Loss,Spin Bout U,1
Drake,Her Loss,Hours in Silence,1
Drake,Her Loss,Treacherous Twins,1
Drake,Her Loss,Circo Loco,1
Drake,Her Loss,Pussy & Millions,1
Drake,Her Loss,Broke Boys,1
Drake,Her Loss,Middle of the Ocean,1
Drake,Her Loss,Jumbotron Shit Poppin,1
Drake,Her Loss,More M’s,1
Drake,Her Loss,3AM on Glenwood,0
Drake,Her Loss,I Guess It’s Fuck Me,1
Drake,For All the Dogs,Virginia Beach,1
Drake,For All the Dogs,Amen,1
Drake,For All the Dogs,Calling for You,1
Drake,For All the Dogs,Fear of Heights,1
Drake,For All the Dogs,Daylight,1
Drake,For All the Dogs,First Person Shooter,1
Drake,For All the Dogs,IDGAF,1
Drake,For All the Dogs,7969 Santa,1
Drake,For All the Dogs,Slime You Out,1
Drake,For All the Dogs,Bahamas Promises,1
Drake,For All the Dogs,Tried Our Best,1
Drake,For All the Dogs,Screw the World (interlude),1
Drake,For All the Dogs,Drew a Picasso,1
Drake,For All the Dogs,Members Only,1
Drake,For All the Dogs,What Would Pluto Do,1
Drake,For All the Dogs,All the Parties,1
Drake,For All the Dogs,8am in Charlotte,1
Drake,For All the Dogs,BBL Love (interlude),1
Drake,For All the Dogs,Gently,1
Drake,For All the Dogs,Rich Baby Daddy,1
Drake,For All the Dogs,Another Late Night,1
Drake,For All the Dogs,Away From Home,1
Drake,For All the Dogs,Polar Opposites,1
Drake,$ome $exy $ongs 4 U,CN TOWER,1
Drake,$ome $exy $ongs 4 U,MOTH BALLS,1
Drake,$ome $exy $ongs 4 U,SOMETHING ABOUT YOU,1
Drake,$ome $exy $ongs 4 U,CRYING IN CHANEL,1
Drake,$ome $exy $ongs 4 U,SPIDER-MAN SUPERMAN,1
Drake,$ome $exy $ongs 4 U,DEEPER,0
Drake,$ome $exy $ongs 4 U,SMALL TOWN FAME,1
Drake,$ome $exy $ongs 4 U,PIMMIE’S DILEMMA,1
Drake,$ome $exy $ongs 4 U,BRIAN STEEL,1
Drake,$ome $exy $ongs 4 U,GIMME A HUG,1
Drake,$ome $exy $ongs 4 U,RAINING IN HOUSTON,1
Drake,$ome $exy $ongs 4 U,LASERS,1
Drake,$ome $exy $ongs 4 U,MEET YOUR PADRE,1
Drake,$ome $exy $ongs 4 U,NOKIA,1
Drake,$ome $exy $ongs 4 U,DIE TRYING,1
Drake,$ome $exy $ongs 4 U,SOMEBODY LOVES ME,1
Drake,$ome $exy $ongs 4 U,CELIBACY,1
Drake,$ome $exy $ongs 4 U,OMW,1
Drake,$ome $exy $ongs 4 U,GLORIOUS,1
Drake,$ome $exy $ongs 4 U,WHEN HE'S GONE,1
Drake,$ome $exy $ongs 4 U,GREEDY,1
Drake,HABIBTI,Rusty Intro,1
Drake,HABIBTI,WNBA,1
Drake,HABIBTI,Slap the City,1
Drake,HABIBTI,High Fives,1
Drake,HABIBTI,Hurrr Nor Thurrr,1
Drake,HABIBTI,I’m Spent,1
Drake,HABIBTI,Classic,1
Drake,HABIBTI,Gen 5,1
Drake,HABIBTI,White Bone,1
Drake,HABIBTI,Fortworth,1
Drake,HABIBTI,Prioritizing,1
Drake,ICEMAN,Make Them Cry,1
Drake,ICEMAN,Dust,1
Drake,ICEMAN,Whisper My Name,1
Drake,ICEMAN,Janice STFU,1
Drake,ICEMAN,Ran to Atlanta,1
Drake,ICEMAN,Shabang,1
Drake,ICEMAN,Make Them Pay,1
Drake,ICEMAN,Burning Bridges,1
Drake,ICEMAN,National Treasures,1
Drake,ICEMAN,B's on the Table,1
Drake,ICEMAN,What Did I Miss?,1
Drake,ICEMAN,Plot Twist,1
Drake,ICEMAN,2 Hard 4 the Radio,1
Drake,ICEMAN,Make Them Remember,1
Drake,ICEMAN,Little Birdie,1
Drake,ICEMAN,Don't Worry,1
Drake,ICEMAN,Firm Friends,1
Drake,ICEMAN,Make Them Know,1
Drake,MAID OF HONOUR,Hoe Phase,1
Drake,MAID OF HONOUR,Road Trips,1
Drake,MAID OF HONOUR,Outside Tweaking,1
Drake,MAID OF HONOUR,Cheetah Print,1
Drake,MAID OF HONOUR,Which One,1
Drake,MAID OF HONOUR,Amazing Shape,1
Drake,MAID OF HONOUR,BBW,1
Drake,MAID OF HONOUR,True Bestie,1
Drake,MAID OF HONOUR,Where’s Your Stuff Interlude,0
Drake,MAID OF HONOUR,New Bestie,1
Drake,MAID OF HONOUR,Q&A,1
Drake,MAID OF HONOUR,Stuck,1
Drake,MAID OF HONOUR,Goose and the Juice,1
Drake,MAID OF HONOUR,Princess,1
Luke Bryan,I'll Stay Me,All My Friends Say,1
Luke Bryan,I'll Stay Me,Baby’s on the Way,0
Luke Bryan,I'll Stay Me,The Car in Front of Me,0
Luke Bryan,I'll Stay Me,Pray About Everything,0
Luke Bryan,I'll Stay Me,We Rode in Trucks,0
Luke Bryan,I'll Stay Me,I’ll Stay Me,0
Luke Bryan,I'll Stay Me,First Love Song,0
Luke Bryan,I'll Stay Me,Country Man,1
Luke Bryan,I'll Stay Me,Over the River,0
Luke Bryan,I'll Stay Me,You Make Me Want To,0
Luke Bryan,I'll Stay Me,Tackle Box,0
Luke Bryan,I'll Stay Me,Good Directions,0
Luke Bryan,Doin’ My Thing,Rain Is a Good Thing,1
Luke Bryan,Doin’ My Thing,Doin’ My Thing,0
Luke Bryan,Doin’ My Thing,Do I,1
Luke Bryan,Doin’ My Thing,What Country Is,0
Luke Bryan,Doin’ My Thing,Someone Else Calling You Baby,1
Luke Bryan,Doin’ My Thing,Welcome to the Farm,0
Luke Bryan,Doin’ My Thing,Apologize,0
Luke Bryan,Doin’ My Thing,Every Time I See You,0
Luke Bryan,Doin’ My Thing,Chuggin’ Along,0
Luke Bryan,Doin’ My Thing,I Did It Again,0
Luke Bryan,Doin’ My Thing,Drinkin’ Beer and Wastin’ Bullets,0
Luke Bryan,Tailgates & Tanlines,Country Girl (Shake It for Me),1
Luke Bryan,Tailgates & Tanlines,Kiss Tomorrow Goodbye,1
Luke Bryan,Tailgates & Tanlines,Drunk on You,1
Luke Bryan,Tailgates & Tanlines,Too Damn Young,0
Luke Bryan,Tailgates & Tanlines,I Don’t Want This Night to End,1
Luke Bryan,Tailgates & Tanlines,You Don’t Know Jack,0
Luke Bryan,Tailgates & Tanlines,Harvest Time,0
Luke Bryan,Tailgates & Tanlines,I Know You’re Gonna Be There,0
Luke Bryan,Tailgates & Tanlines,Muckalee Creek Water,0
Luke Bryan,Tailgates & Tanlines,Tailgate Blues,0
Luke Bryan,Tailgates & Tanlines,"Been There, Done That",0
Luke Bryan,Tailgates & Tanlines,Faded Away,0
Luke Bryan,Tailgates & Tanlines,I Knew You That Way,0
Luke Bryan,Crash My Party,That’s My Kind of Night,1
Luke Bryan,Crash My Party,Beer in the Headlights,0
Luke Bryan,Crash My Party,Crash My Party,1
Luke Bryan,Crash My Party,Roller Coaster,1
Luke Bryan,Crash My Party,We Run This Town,0
Luke Bryan,Crash My Party,Drink a Beer,1
Luke Bryan,Crash My Party,I See You,1
Luke Bryan,Crash My Party,Goodbye Girl,0
Luke Bryan,Crash My Party,Play It Again,1
Luke Bryan,Crash My Party,Blood Brothers,0
Luke Bryan,Crash My Party,Out Like That,0
Luke Bryan,Crash My Party,Shut It Down,0
Luke Bryan,Crash My Party,Dirt Road Diary,0
Luke Bryan,Kill the Lights,Kick the Dust Up,1
Luke Bryan,Kill the Lights,Kill the Lights,0
Luke Bryan,Kill the Lights,Strip It Down,1
Luke Bryan,Kill the Lights,Home Alone Tonight,1
Luke Bryan,Kill the Lights,Razor Blade,0
Luke Bryan,Kill the Lights,Fast,1
Luke Bryan,Kill the Lights,Move,1
Luke Bryan,Kill the Lights,Just Over,0
Luke Bryan,Kill the Lights,Love It Gone,0
Luke Bryan,Kill the Lights,Way Way Back,0
Luke Bryan,Kill the Lights,To the Moon and Back,0
Luke Bryan,Kill the Lights,"Huntin’, Fishin’ and Lovin’ Every Day",1
Luke Bryan,Kill the Lights,Scarecrows,0
Luke Bryan,What Makes You Country,What Makes You Country,1
Luke Bryan,What Makes You Country,Out of Nowhere Girl,0
Luke Bryan,What Makes You Country,Light It Up,1
Luke Bryan,What Makes You Country,Most People Are Gone,0
Luke Bryan,What Makes You Country,"Sunrise, Sunburn, Sunset",1
Luke Bryan,What Makes You Country,Bad Lovers,0
Luke Bryan,What Makes You Country,Drinking Again,0
Luke Bryan,What Makes You Country,Land of a Million Songs,0
Luke Bryan,What Makes You Country,Like You Say You Do,0
Luke Bryan,What Makes You Country,Hooked on It,0
Luke Bryan,What Makes You Country,She's a Hot One,0
Luke Bryan,What Makes You Country,Hungover in a Hotel Room,0
Luke Bryan,What Makes You Country,Pick It Up,0
Luke Bryan,What Makes You Country,Driving This Thing,0
Luke Bryan,What Makes You Country,Win Life,0
Luke Bryan,Mind of a Country Boy,Mind of a Country Boy,0
Luke Bryan,Mind of a Country Boy,"Love You, Miss You, Mean It",1
Luke Bryan,Mind of a Country Boy,Country Song Came On,1
Luke Bryan,Mind of a Country Boy,Pair of Boots,0
Luke Bryan,Mind of a Country Boy,But I Got a Beer in My Hand,1
Luke Bryan,Mind of a Country Boy,Kansas,0
Luke Bryan,Mind of a Country Boy,Country On,1
Luke Bryan,Mind of a Country Boy,Fish on the Wall,0
Luke Bryan,Mind of a Country Boy,She’s Still Got It,0
Luke Bryan,Mind of a Country Boy,Closing Time in California,0
Luke Bryan,Mind of a Country Boy,For the Kids,0
Luke Bryan,Mind of a Country Boy,Southern and Slow,0
Luke Bryan,Mind of a Country Boy,I’m on a Tractor,0
Luke Bryan,Mind of a Country Boy,Jesus ’Bout My Kids,0
Luke Bryan,Signs,Finders Keepers,1
Luke Bryan,Signs,Country and She Knows It,1
Luke Bryan,Signs,Word on the Street,0
Luke Bryan,Signs,Signs,0
Luke Bryan,Signs,Fish Hunt Golf Drink,0
Luke Bryan,Signs,Made It a Memory,0
Luke Bryan,Signs,Woods,0
Luke Bryan,Signs,Down Goes the Whiskey,0
Luke Bryan,Signs,Crooked Rows of Corn,0
Luke Bryan,Signs,I Liked Loving You,0
Luke Bryan,Signs,Killer,0
Luke Bryan,Signs,Praying by the Rules,0
Ariana Grande,Yours Truly,Honeymoon Avenue,0
Ariana Grande,Yours Truly,Baby I,1
Ariana Grande,Yours Truly,Right There,1
Ariana Grande,Yours Truly,Tattooed Heart,0
Ariana Grande,Yours Truly,Lovin’ It,0
Ariana Grande,Yours Truly,Piano,0
Ariana Grande,Yours Truly,Daydreamin’,0
Ariana Grande,Yours Truly,The Way,1
Ariana Grande,Yours Truly,You’ll Never Know,0
Ariana Grande,Yours Truly,Almost Is Never Enough,1
Ariana Grande,Yours Truly,Popular Song,1
Ariana Grande,Yours Truly,Better Left Unsaid,0
Ariana Grande,My Everything,Intro,0
Ariana Grande,My Everything,Problem,1
Ariana Grande,My Everything,One Last Time,1
Ariana Grande,My Everything,Why Try,0
Ariana Grande,My Everything,Break Free,1
Ariana Grande,My Everything,Best Mistake,1
Ariana Grande,My Everything,Be My Baby,0
Ariana Grande,My Everything,Break Your Heart Right Back,0
Ariana Grande,My Everything,Love Me Harder,1
Ariana Grande,My Everything,Just a Little Bit of Your Heart,0
Ariana Grande,My Everything,Hands on Me,0
Ariana Grande,My Everything,My Everything,0
Ariana Grande,Dangerous Woman,Moonlight,0
Ariana Grande,Dangerous Woman,Dangerous Woman,1
Ariana Grande,Dangerous Woman,Be Alright,1
Ariana Grande,Dangerous Woman,Into You,1
Ariana Grande,Dangerous Woman,Side to Side,1
Ariana Grande,Dangerous Woman,Let Me Love You,1
Ariana Grande,Dangerous Woman,Greedy,0
Ariana Grande,Dangerous Woman,Leave Me Lonely,0
Ariana Grande,Dangerous Woman,Everyday,1
Ariana Grande,Dangerous Woman,Bad Decisions,0
Ariana Grande,Dangerous Woman,Thinking Bout You,0
Ariana Grande,Sweetener,raindrops (an angel cried),0
Ariana Grande,Sweetener,blazed,0
Ariana Grande,Sweetener,the light is coming,1
Ariana Grande,Sweetener,R.E.M,1
Ariana Grande,Sweetener,God is a woman,1
Ariana Grande,Sweetener,sweetener,1
Ariana Grande,Sweetener,successful,0
Ariana Grande,Sweetener,everytime,1
Ariana Grande,Sweetener,breathin,1
Ariana Grande,Sweetener,no tears left to cry,1
Ariana Grande,Sweetener,borderline,0
Ariana Grande,Sweetener,better off,0
Ariana Grande,Sweetener,goodnight n go,1
Ariana Grande,Sweetener,pete davidson,1
Ariana Grande,Sweetener,get well soon,0
Ariana Grande,"thank u, next",imagine,1
Ariana Grande,"thank u, next",needy,1
Ariana Grande,"thank u, next",NASA,1
Ariana Grande,"thank u, next",bloodline,1
Ariana Grande,"thank u, next",fake smile,1
Ariana Grande,"thank u, next",bad idea,1
Ariana Grande,"thank u, next",make up,1
Ariana Grande,"thank u, next",ghostin,1
Ariana Grande,"thank u, next",in my head,1
Ariana Grande,"thank u, next",7 rings,1
Ariana Grande,"thank u, next","thank u, next",1
Ariana Grande,"thank u, next","break up with your girlfriend, i’m bored",1
Ariana Grande,Positions,shut up,1
Ariana Grande,Positions,34+35,1
Ariana Grande,Positions,motive,1
Ariana Grande,Positions,just like magic,1
Ariana Grande,Positions,off the table,1
Ariana Grande,Positions,six thirty,1
Ariana Grande,Positions,safety net,1
Ariana Grande,Positions,my hair,1
Ariana Grande,Positions,nasty,1
Ariana Grande,Positions,west side,1
Ariana Grande,Positions,love language,1
Ariana Grande,Positions,positions,1
Ariana Grande,Positions,obvious,1
Ariana Grande,Positions,pov,1
Ariana Grande,eternal sunshine,intro (end of the world),1
Ariana Grande,eternal sunshine,bye,1
Ariana Grande,eternal sunshine,don’t wanna break up again,1
Ariana Grande,eternal sunshine,Saturn Returns Interlude,0
Ariana Grande,eternal sunshine,eternal sunshine,1
Ariana Grande,eternal sunshine,supernatural,1
Ariana Grande,eternal sunshine,true story,1
Ariana Grande,eternal sunshine,the boy is mine,1
Ariana Grande,eternal sunshine,"yes, and?",1
Ariana Grande,eternal sunshine,we can’t be friends (wait for your love),1
Ariana Grande,eternal sunshine,i wish i hated you,1
Ariana Grande,eternal sunshine,imperfect for you,1
Ariana Grande,eternal sunshine,ordinary things,1
Ariana Grande,petal,kiss me,1
Ariana Grande,petal,hate that i made you love me,1
Ariana Grande,petal,petal,1
Ariana Grande,petal,stay,1
Ariana Grande,petal,oh well,1
Ariana Grande,petal,big feelings,1
Ariana Grande,petal,freak,1
Ariana Grande,petal,warning signs (interlude),1
Ariana Grande,petal,like i do,1
Ariana Grande,petal,never get over me,1
Ariana Grande,petal,bad thing (bunny hop),1
Ariana Grande,petal,"nowhere, nobody",1
Jason Aldean,Jason Aldean,Hicktown,1
Jason Aldean,Jason Aldean,Amarillo Sky,1
Jason Aldean,Jason Aldean,Why,1
Jason Aldean,Jason Aldean,Even If I Wanted To,0
Jason Aldean,Jason Aldean,Lonesome U.S.A.,0
Jason Aldean,Jason Aldean,Asphalt Cowboy,0
Jason Aldean,Jason Aldean,I’m Just a Man,0
Jason Aldean,Jason Aldean,You’re the Love I Wanna Be In,0
Jason Aldean,Jason Aldean,Good to Go,0
Jason Aldean,Jason Aldean,I Believe in Ghosts,0
Jason Aldean,Jason Aldean,She Loved Me,0
Jason Aldean,Relentless,Johnny Cash,1
Jason Aldean,Relentless,Laughed Until We Cried,1
Jason Aldean,Relentless,Do You Wish It Was Me,0
Jason Aldean,Relentless,I Use What I Got,0
Jason Aldean,Relentless,Who’s Kissing You Tonight,0
Jason Aldean,Relentless,Relentless,0
Jason Aldean,Relentless,My Memory Ain’t What It Used to Be,0
Jason Aldean,Relentless,No,0
Jason Aldean,Relentless,Back in This Cigarette,0
Jason Aldean,Relentless,Grown Woman,0
Jason Aldean,Relentless,I Break Everything I Touch,0
Jason Aldean,Relentless,Not Every Man Lives,0
Jason Aldean,Wide Open,Wide Open,0
Jason Aldean,Wide Open,This I Gotta See,0
Jason Aldean,Wide Open,Fast,0
Jason Aldean,Wide Open,Crazy Town,1
Jason Aldean,Wide Open,Don’t Give Up on Me,0
Jason Aldean,Wide Open,She’s Country,1
Jason Aldean,Wide Open,On My Highway,0
Jason Aldean,Wide Open,Keep the Girl,0
Jason Aldean,Wide Open,Big Green Tractor,1
Jason Aldean,Wide Open,The Truth,1
Jason Aldean,Wide Open,Love Was Easy,0
Jason Aldean,My Kinda Party,Tattoos on This Town,1
Jason Aldean,My Kinda Party,Dirt Road Anthem,1
Jason Aldean,My Kinda Party,Church Pew or Bar Stool,0
Jason Aldean,My Kinda Party,Just Passing Through,0
Jason Aldean,My Kinda Party,Fly Over States,1
Jason Aldean,My Kinda Party,My Kinda Party,1
Jason Aldean,My Kinda Party,I Ain’t Ready to Quit,0
Jason Aldean,My Kinda Party,It Ain’t Easy,0
Jason Aldean,My Kinda Party,Country Boy’s World,0
Jason Aldean,My Kinda Party,The Heartache That Don’t Stop Hurting,0
Jason Aldean,My Kinda Party,Texas Was You,0
Jason Aldean,My Kinda Party,Don’t You Wanna Stay,1
Jason Aldean,My Kinda Party,See You When I See You,0
Jason Aldean,My Kinda Party,If She Could See Me Now,0
Jason Aldean,My Kinda Party,Days Like These,0
Jason Aldean,Night Train,This Nothin’ Town,0
Jason Aldean,Night Train,When She Says Baby,1
Jason Aldean,Night Train,Feel That Again,0
Jason Aldean,Night Train,Wheels Rollin’,0
Jason Aldean,Night Train,Talk,0
Jason Aldean,Night Train,The Only Way I Know,1
Jason Aldean,Night Train,Take a Little Ride,1
Jason Aldean,Night Train,I Don’t Do Lonely Well,0
Jason Aldean,Night Train,Night Train,1
Jason Aldean,Night Train,1994,1
Jason Aldean,Night Train,Staring at the Sun,0
Jason Aldean,Night Train,Drink One for Me,0
Jason Aldean,Night Train,Black Tears,0
Jason Aldean,Night Train,Walking Away,0
Jason Aldean,Night Train,Water Tower,0
Jason Aldean,"Old Boots, New Dirt",Just Gettin’ Started,1
Jason Aldean,"Old Boots, New Dirt",Show You Off,0
Jason Aldean,"Old Boots, New Dirt",Burnin’ It Down,1
Jason Aldean,"Old Boots, New Dirt",Tryin’ to Love Me,0
Jason Aldean,"Old Boots, New Dirt",Sweet Little Somethin’,1
Jason Aldean,"Old Boots, New Dirt",Laid Back,0
Jason Aldean,"Old Boots, New Dirt",Tonight Looks Good on You,1
Jason Aldean,"Old Boots, New Dirt",Too Fast,0
Jason Aldean,"Old Boots, New Dirt",If My Truck Could Talk,0
Jason Aldean,"Old Boots, New Dirt","Old Boots, New Dirt",0
Jason Aldean,"Old Boots, New Dirt",I Took It With Me,0
Jason Aldean,"Old Boots, New Dirt",Don’t Change Gone,0
Jason Aldean,"Old Boots, New Dirt",Miss That Girl,0
Jason Aldean,"Old Boots, New Dirt",Gonna Know We Were Here,1
Jason Aldean,"Old Boots, New Dirt",Two Night Town,1
Jason Aldean,They Don’t Know,Lights Come On,1
Jason Aldean,They Don’t Know,A Little More Summertime,1
Jason Aldean,They Don’t Know,This Plane Don’t Go There,0
Jason Aldean,They Don’t Know,Comin’ in Hot,0
Jason Aldean,They Don’t Know,First Time Again,0
Jason Aldean,They Don’t Know,Bad,0
Jason Aldean,They Don’t Know,They Don’t Know,1
Jason Aldean,They Don’t Know,One We Won’t Forget,0
Jason Aldean,They Don’t Know,Whiskey’d Up,0
Jason Aldean,They Don’t Know,In Case You Don’t Remember,0
Jason Aldean,They Don’t Know,All Out of Beer,0
Jason Aldean,They Don’t Know,Any Ol’ Barstool,1
Jason Aldean,They Don’t Know,The Way a Night Should Feel,0
Jason Aldean,They Don’t Know,Reason to Love L.A.,0
Jason Aldean,They Don’t Know,When the Lights Go Out,0
Jason Aldean,Rearview Town,Dirt to Dust,0
Jason Aldean,Rearview Town,Set It Off,0
Jason Aldean,Rearview Town,Girl Like You,1
Jason Aldean,Rearview Town,You Make It Easy,1
Jason Aldean,Rearview Town,Gettin’ Warmed Up,0
Jason Aldean,Rearview Town,Blacktop Gone,0
Jason Aldean,Rearview Town,Drowns the Whiskey,1
Jason Aldean,Rearview Town,Rearview Town,1
Jason Aldean,Rearview Town,Love Me or Don’t,0
Jason Aldean,Rearview Town,Like You Were Mine,0
Jason Aldean,Rearview Town,Better at Being Who I Am,0
Jason Aldean,Rearview Town,I’ll Wait for You,0
Jason Aldean,Rearview Town,Ride All Night,0
Jason Aldean,Rearview Town,Up in Smoke,0
Jason Aldean,Rearview Town,High Noon Neon,0
Jason Aldean,9,Tattoos and Tequila,0
Jason Aldean,9,Blame It on You,1
Jason Aldean,9,Champagne Town,0
Jason Aldean,9,Some Things You Don’t Forget,0
Jason Aldean,9,Got What I Got,1
Jason Aldean,9,Keeping It Small Town,0
Jason Aldean,9,Camouflage Hat,0
Jason Aldean,9,Came Here to Drink,0
Jason Aldean,9,We Back,1
Jason Aldean,9,Dirt We Were Raised On,0
Jason Aldean,9,I Don’t Drink Anymore,0
Jason Aldean,9,Cowboy Killer,0
Jason Aldean,9,One for the Road,0
Jason Aldean,9,Talk About Georgia,0
Jason Aldean,9,The Same Way,0
Jason Aldean,9,She Likes It,0
Jason Aldean,MACON,After You,0
Jason Aldean,MACON,Over You Again,0
Jason Aldean,MACON,That’s What Tequila Does,1
Jason Aldean,MACON,Small Town Small,0
Jason Aldean,MACON,If I Didn’t Love You,1
Jason Aldean,MACON,Story for Another Glass,0
Jason Aldean,MACON,Heaven,0
Jason Aldean,MACON,This Bar Don’t Work Anymore,0
Jason Aldean,MACON,The Sad Songs,0
Jason Aldean,MACON,Watching You Love Me,0
Jason Aldean,MACON,"Amarillo Sky (live from Nashville, TN)",0
Jason Aldean,MACON,"Johnny Cash (live from Los Angeles, CA)",0
Jason Aldean,MACON,"She’s Country (live from Las Vegas, NV)",0
Jason Aldean,MACON,"Big Green Tractor (live from Dallas, TX)",0
Jason Aldean,MACON,"My Kinda Party (live from St. Louis, MO)",0
Jason Aldean,GEORGIA,Whiskey Me Away,0
Jason Aldean,GEORGIA,Trouble With A Heartbreak,1
Jason Aldean,GEORGIA,The State I’m In,0
Jason Aldean,GEORGIA,Midnight and Missin’ You,0
Jason Aldean,GEORGIA,Ain’t Enough Cowboy,0
Jason Aldean,GEORGIA,God Made Airplanes,0
Jason Aldean,GEORGIA,My Weakness,0
Jason Aldean,GEORGIA,Holy Water,0
Jason Aldean,GEORGIA,Rock and Roll Cowboy,0
Jason Aldean,GEORGIA,Your Mama,0
Jason Aldean,GEORGIA,"Take a Little Ride (live from Las Vegas, NV)",0
Jason Aldean,GEORGIA,"Burnin’ It Down (live from St. Louis, MO)",0
Jason Aldean,GEORGIA,"Any Ol’ Barstool (live from Knoxville, TN)",0
Jason Aldean,GEORGIA,"Rearview Town (live from St. Louis, MO)",0
Jason Aldean,GEORGIA,"Blame It on You (live from Manchester, TN)",0
Jason Aldean,Highway Desperado,Tough Crowd,0
Jason Aldean,Highway Desperado,Let Your Boys Be Country,1
Jason Aldean,Highway Desperado,Knew You’d Come Around,0
Jason Aldean,Highway Desperado,Hungover in a Hotel,0
Jason Aldean,Highway Desperado,Try That in a Small Town,1
Jason Aldean,Highway Desperado,Whiskey Drink,1
Jason Aldean,Highway Desperado,Whose Rearview,0
Jason Aldean,Highway Desperado,I’m Over You,0
Jason Aldean,Highway Desperado,Rather Watch You,0
Jason Aldean,Highway Desperado,Breakup Breakdown,0
Jason Aldean,Highway Desperado,Get Away From You,0
Jason Aldean,Highway Desperado,Changing Bars,0
Jason Aldean,Highway Desperado,From This Beer On,0
Jason Aldean,Highway Desperado,Highway Desperado,0
Jason Aldean,Songs About Us,Anytime Soon,0
Jason Aldean,Songs About Us,Drinking About You,0
Jason Aldean,Songs About Us,Don’t Tell on Me,1
Jason Aldean,Songs About Us,How Far Does A Goodbye Go,1
Jason Aldean,Songs About Us,Songs About Us,0
Jason Aldean,Songs About Us,Good Thing Going,0
Jason Aldean,Songs About Us,She’s Why,0
Jason Aldean,Songs About Us,Backroads of My Memory,0
Jason Aldean,Songs About Us,Dust on the Bottle,0
Jason Aldean,Songs About Us,The High Road,0
Jason Aldean,Songs About Us,Easier Gone,0
Jason Aldean,Songs About Us,Help You Remember,0
Jason Aldean,Songs About Us,Country Into Rock 'n' Roll,0
Jason Aldean,Songs About Us,What’s a Little Heartache,0
Jason Aldean,Songs About Us,One Last Look,0
Jason Aldean,Songs About Us,Fight a Fire,0
Jason Aldean,Songs About Us,Hard to Love You,0
Jason Aldean,Songs About Us,Little Hometown Left,0
Jason Aldean,Songs About Us,Her Favorite Color,0
Jason Aldean,Songs About Us,Lovin' Me Too Long,0
Ed Sheeran,+,The A Team,1
Ed Sheeran,+,Drunk,0
Ed Sheeran,+,U.N.I.,0
Ed Sheeran,+,Grade 8,0
Ed Sheeran,+,Wake Me Up,0
Ed Sheeran,+,Small Bump,0
Ed Sheeran,+,This,0
Ed Sheeran,+,The City,0
Ed Sheeran,+,Lego House,1
Ed Sheeran,+,"You Need Me, I Don’t Need You",0
Ed Sheeran,+,Kiss Me,0
Ed Sheeran,+,Give Me Love / The Parting Glass,0
Ed Sheeran,×,One,1
Ed Sheeran,×,I’m a Mess,0
Ed Sheeran,×,Sing,1
Ed Sheeran,×,Don’t,1
Ed Sheeran,×,Nina,0
Ed Sheeran,×,Photograph,1
Ed Sheeran,×,Bloodstream,0
Ed Sheeran,×,Tenerife Sea,0
Ed Sheeran,×,Runaway,0
Ed Sheeran,×,The Man,0
Ed Sheeran,×,Thinking Out Loud,1
Ed Sheeran,×,Afire Love,1
Ed Sheeran,÷,Eraser,1
Ed Sheeran,÷,Castle on the Hill,1
Ed Sheeran,÷,Dive,1
Ed Sheeran,÷,Shape of You,1
Ed Sheeran,÷,Perfect,1
Ed Sheeran,÷,Galway Girl,1
Ed Sheeran,÷,Happier,1
Ed Sheeran,÷,New Man,1
Ed Sheeran,÷,Hearts Don’t Break Around Here,1
Ed Sheeran,÷,What Do I Know?,1
Ed Sheeran,÷,How Would You Feel (Paean),1
Ed Sheeran,÷,Supermarket Flowers,1
Ed Sheeran,No.6 Collaborations Project,Beautiful People,1
Ed Sheeran,No.6 Collaborations Project,South of the Border,1
Ed Sheeran,No.6 Collaborations Project,Cross Me,1
Ed Sheeran,No.6 Collaborations Project,Take Me Back to London,0
Ed Sheeran,No.6 Collaborations Project,Best Part of Me,1
Ed Sheeran,No.6 Collaborations Project,I Don’t Care,1
Ed Sheeran,No.6 Collaborations Project,Antisocial,1
Ed Sheeran,No.6 Collaborations Project,Remember the Name,1
Ed Sheeran,No.6 Collaborations Project,Feels,0
Ed Sheeran,No.6 Collaborations Project,Put It All on Me,0
Ed Sheeran,No.6 Collaborations Project,Nothing on You,0
Ed Sheeran,No.6 Collaborations Project,I Don’t Want Your Money,0
Ed Sheeran,No.6 Collaborations Project,1000 Nights,0
Ed Sheeran,No.6 Collaborations Project,Way to Break My Heart,0
Ed Sheeran,No.6 Collaborations Project,BLOW,1
Ed Sheeran,=,Tides,0
Ed Sheeran,=,Shivers,1
Ed Sheeran,=,First Times,0
Ed Sheeran,=,Bad Habits,1
Ed Sheeran,=,Overpass Graffiti,1
Ed Sheeran,=,The Joker and the Queen,1
Ed Sheeran,=,Leave Your Life,0
Ed Sheeran,=,Collide,0
Ed Sheeran,=,2step,1
Ed Sheeran,=,Stop the Rain,0
Ed Sheeran,=,Love in Slow Motion,0
Ed Sheeran,=,Visiting Hours,1
Ed Sheeran,=,Sandman,0
Ed Sheeran,=,Be Right Now,0
Ed Sheeran,−,Boat,0
Ed Sheeran,−,Salt Water,0
Ed Sheeran,−,Eyes Closed,1
Ed Sheeran,−,Life Goes On,1
Ed Sheeran,−,Dusty,0
Ed Sheeran,−,End of Youth,0
Ed Sheeran,−,Colourblind,0
Ed Sheeran,−,Curtains,1
Ed Sheeran,−,Borderline,0
Ed Sheeran,−,Spark,0
Ed Sheeran,−,Vega,0
Ed Sheeran,−,Sycamore,0
Ed Sheeran,−,No Strings,0
Ed Sheeran,−,The Hills of Aberfeldy,0
Ed Sheeran,Autumn Variations,Magical,0
Ed Sheeran,Autumn Variations,England,0
Ed Sheeran,Autumn Variations,Amazing,0
Ed Sheeran,Autumn Variations,Plastic Bag,0
Ed Sheeran,Autumn Variations,Blue,0
Ed Sheeran,Autumn Variations,American Town,0
Ed Sheeran,Autumn Variations,That’s on Me,0
Ed Sheeran,Autumn Variations,Page,0
Ed Sheeran,Autumn Variations,Midnight,0
Ed Sheeran,Autumn Variations,Spring,0
Ed Sheeran,Autumn Variations,Punchline,0
Ed Sheeran,Autumn Variations,When Will I Be Alright,0
Ed Sheeran,Autumn Variations,The Day I Was Born,0
Ed Sheeran,Autumn Variations,Head > Heels,0
Ed Sheeran,Play,Opening,0
Ed Sheeran,Play,Sapphire,1
Ed Sheeran,Play,Azizam,1
Ed Sheeran,Play,Old Phone,1
Ed Sheeran,Play,Symmetry,0
Ed Sheeran,Play,Camera,1
Ed Sheeran,Play,In Other Words,0
Ed Sheeran,Play,A Little More,0
Ed Sheeran,Play,Slowly,0
Ed Sheeran,Play,Don’t Look Down,0
Ed Sheeran,Play,The Vow,0
Ed Sheeran,Play,For Always,0
Ed Sheeran,Play,Heaven,0
